,date,daily new cases,daily deaths,Hospitalised Cases,Severe Cases,Cases In ICUs,Incubated Cases,PCR_daily tests performed,RA_daily tests performed,total_daily tests performed,total cases,total deaths,total PCR tests,total RA tests,total tests,Notes,perc_hosp_unvaccinated,perc_hosp_vaccinated,Hospitalizations from reports,n_hospitalized_unvaccinated,n_hospitalized_vaccinated
0,2020-03-09,2,,,,,,,,,2,0,,,,,,,,,
1,2020-03-10,1,,,,,,,,,3,0,,,,,,,,,
2,2020-03-11,3,,,,,,,,,6,0,,,,,,,,,
3,2020-03-12,0,,,,,,,,,6,0,,,,,,,,,
4,2020-03-13,8,,,,,,,,,14,0,,,,,,,,,
5,2020-03-14,12,,,,,,,,,26,0,,,,,,,,,
6,2020-03-15,0,,,,,,,,,33,0,,,,,,,,,
7,2020-03-16,7,,,,,,,,,46,0,,,,,,,,,
8,2020-03-17,13,,,,,,,,,49,0,,,,,,,,,
9,2020-03-18,3,,,,,,,,,58,0,,,,,,,,,
10,2020-03-19,18,,,,,,,,,67,0,,,,,,,,,
11,2020-03-20,8,,,,,,,,,75,0,,,,,,,,,
12,2020-03-21,9,1.0,,,,,,,,84,1,,,,,,,,,
13,2020-03-22,11,,,,,,,,,95,1,,,,,,,,,
14,2020-03-23,21,,,,,,,,,116,1,,,,,,,,,
15,2020-03-24,8,1.0,24.0,,4.0,4.0,,,,124,2,,,,,,,,,
16,2020-03-25,8,,23.0,,5.0,5.0,,,,132,2,,,,,,,,,
17,2020-03-26,14,,21.0,,6.0,6.0,,,,146,2,,,,,,,,,
18,2020-03-27,16,2.0,29.0,,8.0,7.0,,,,162,4,,,,,,,,,
19,2020-03-28,17,,34.0,,11.0,10.0,,,,179,4,5917.0,,,,,,,,
20,2020-03-29,35,,33.0,,9.0,9.0,530.0,,530.0,214,4,6447.0,,,,,,,,
21,2020-03-30,16,2.0,34.0,,10.0,10.0,400.0,,400.0,230,6,6847.0,,,,,,,,
22,2020-03-31,32,,40.0,,11.0,11.0,550.0,,550.0,262,6,7397.0,,,,,,,,
23,2020-04-01,58,1.0,54.0,,11.0,11.0,779.0,,779.0,320,7,8176.0,,,,,,,,
24,2020-04-02,36,1.0,51.0,,9.0,9.0,603.0,,603.0,356,8,8779.0,,,,,,,,
25,2020-04-03,40,1.0,55.0,,12.0,11.0,668.0,,668.0,396,9,9447.0,,,,,,,,
26,2020-04-04,30,,56.0,,11.0,10.0,698.0,,698.0,426,9,10145.0,,,,,,,,
27,2020-04-05,20,,55.0,,11.0,11.0,792.0,,792.0,446,9,10937.0,,,,,,,,
28,2020-04-06,19,,48.0,,11.0,11.0,718.0,,718.0,465,9,11655.0,,,,,,,,
29,2020-04-07,29,,51.0,,13.0,13.0,1353.0,,1353.0,494,9,13008.0,,,,,,,,
30,2020-04-08,32,,45.0,,14.0,13.0,1256.0,,1256.0,526,9,14264.0,,,,,,,,
31,2020-04-09,38,1.0,51.0,,12.0,12.0,1216.0,,1216.0,564,10,15480.0,,,,,,,,
32,2020-04-10,31,,50.0,,12.0,11.0,819.0,,819.0,595,10,16299.0,,,,,,,,
33,2020-04-11,21,,45.0,,12.0,8.0,811.0,,811.0,616,10,17110.0,,,,,,,,
34,2020-04-12,17,1.0,42.0,,13.0,8.0,804.0,,804.0,633,11,17914.0,,,,,,,,
35,2020-04-13,29,1.0,39.0,,13.0,9.0,891.0,,891.0,662,12,18805.0,,,,,,,,
36,2020-04-14,33,,40.0,,12.0,9.0,1703.0,,1703.0,695,12,20508.0,,,,,,,,
37,2020-04-15,20,,40.0,,12.0,9.0,2312.0,,2312.0,715,12,22820.0,,,,,,,,
38,2020-04-16,20,,36.0,,12.0,9.0,2905.0,,2905.0,735,12,25725.0,,,,,,,,
39,2020-04-17,15,,40.0,,13.0,9.0,3241.0,,3241.0,750,12,28966.0,,,,,,,,
40,2020-04-18,11,,36.0,,13.0,9.0,3209.0,,3209.0,761,12,32175.0,,,,,,,,
41,2020-04-19,6,,36.0,,12.0,8.0,1803.0,,1803.0,767,12,33978.0,,,,,,,,
42,2020-04-20,5,,33.0,,13.0,8.0,1669.0,,1669.0,772,12,35647.0,,,,,,,,
43,2020-04-21,12,,36.0,,12.0,10.0,1325.0,,1325.0,784,12,36972.0,,,,,,,,
44,2020-04-22,6,1.0,34.0,,11.0,7.0,1441.0,,1441.0,790,13,38413.0,,,,,,,,
45,2020-04-23,5,,31.0,,10.0,7.0,2322.0,,2322.0,795,13,40735.0,,,,,,,,
46,2020-04-24,9,1.0,32.0,,9.0,4.0,2698.0,,2698.0,804,14,43433.0,,,,,,,,
47,2020-04-25,6,,33.0,,9.0,4.0,2467.0,,2467.0,810,14,45900.0,,,,,,,,
48,2020-04-26,7,,30.0,,9.0,5.0,2415.0,,2415.0,817,14,48315.0,,,,,,,,
49,2020-04-27,5,1.0,29.0,,7.0,4.0,1796.0,,1796.0,822,15,50111.0,,,,,,,,
50,2020-04-28,15,,26.0,,6.0,4.0,2999.0,,2999.0,837,15,53110.0,,,,,,,,
51,2020-04-29,6,,27.0,,6.0,4.0,2436.0,,2436.0,843,15,55546.0,,,,,,,,
52,2020-04-30,7,,25.0,,6.0,4.0,2454.0,,2454.0,850,15,58000.0,,,,,,,,
53,2020-05-01,7,,24.0,,6.0,4.0,2427.0,,2427.0,857,15,60427.0,,,,,,,,
54,2020-05-02,7,,24.0,,6.0,5.0,1731.0,,1731.0,864,15,62158.0,,,,,,,,
55,2020-05-03,8,,23.0,,6.0,5.0,1968.0,,1968.0,872,15,64126.0,,,,,,,,
56,2020-05-04,2,,22.0,,6.0,5.0,1490.0,,1490.0,874,15,65616.0,,,,,,,,
57,2020-05-05,4,,24.0,,5.0,4.0,1250.0,,1250.0,878,15,66866.0,,,,,,,,
58,2020-05-06,5,,23.0,,5.0,4.0,2062.0,,2062.0,883,15,68928.0,,,,,,,,
59,2020-05-07,6,,19.0,,5.0,5.0,1774.0,,1774.0,889,15,70702.0,,,,,,,,
60,2020-05-08,2,,19.0,,5.0,5.0,1957.0,,1957.0,891,15,72659.0,,,,,,,,
61,2020-05-09,1,,19.0,,5.0,5.0,1978.0,,1978.0,892,15,74637.0,,,,,,,,
62,2020-05-10,6,1.0,20.0,,4.0,4.0,1393.0,,1393.0,898,16,76030.0,,,,,,,,
63,2020-05-11,3,,22.0,,4.0,4.0,1046.0,,1046.0,901,16,77076.0,,,,,,,,
64,2020-05-12,2,,15.0,,4.0,4.0,1153.0,,1153.0,903,16,78229.0,,,,,,,,
65,2020-05-13,2,1.0,12.0,,3.0,3.0,1946.0,,1946.0,905,17,80175.0,,,,,,,,
66,2020-05-14,2,,10.0,,3.0,3.0,1659.0,,1659.0,907,17,81834.0,,,,,,,,
67,2020-05-15,3,,9.0,,3.0,3.0,1794.0,,1794.0,910,17,83628.0,,,,,,,,
68,2020-05-16,4,,8.0,,3.0,3.0,1564.0,,1564.0,914,17,85192.0,,,,,,,,
69,2020-05-17,2,,8.0,,3.0,3.0,2248.0,,2248.0,916,17,87440.0,,,,,,,,
70,2020-05-18,1,,8.0,,3.0,3.0,1287.0,,1287.0,917,17,88727.0,,,,,,,,
71,2020-05-19,1,,7.0,,4.0,3.0,1882.0,,1882.0,918,17,90609.0,,,,,,,,
72,2020-05-20,4,,9.0,,4.0,3.0,1984.0,,1984.0,922,17,92593.0,,,,,,,,
73,2020-05-21,1,,8.0,,4.0,2.0,2647.0,,2647.0,923,17,95240.0,,,,,,,,
74,2020-05-22,4,,9.0,,4.0,2.0,1970.0,,1970.0,927,17,97210.0,,,,,,,,
75,2020-05-23,0,,9.0,,4.0,2.0,2414.0,,2414.0,927,17,99624.0,,,,,,,,
76,2020-05-24,8,,8.0,,3.0,2.0,1953.0,,1953.0,935,17,101577.0,,,,,,,,
77,2020-05-25,2,,8.0,,3.0,2.0,2128.0,,2128.0,937,17,103705.0,,,,,,,,
78,2020-05-26,2,,9.0,,3.0,3.0,2214.0,,2214.0,939,17,105919.0,,,,,,,,
79,2020-05-27,0,,8.0,,3.0,3.0,2640.0,,2640.0,939,17,108559.0,,,,,,,,
80,2020-05-28,2,,7.0,,3.0,3.0,2602.0,,2602.0,941,17,111161.0,,,,,,,,
81,2020-05-29,1,,6.0,,3.0,3.0,2363.0,,2363.0,942,17,113524.0,,,,,,,,
82,2020-05-30,1,,6.0,,3.0,3.0,2061.0,,2061.0,943,17,115585.0,,,,,,,,
83,2020-05-31,1,,6.0,,3.0,3.0,1717.0,,1717.0,944,17,117302.0,,,,,,,,
84,2020-06-01,5,,6.0,,3.0,3.0,1504.0,,1504.0,949,17,118806.0,,,,,,,,
85,2020-06-02,3,,6.0,,3.0,3.0,1473.0,,1473.0,952,17,120279.0,,,,,,,,
86,2020-06-03,6,,7.0,,3.0,3.0,2928.0,,2928.0,958,17,123207.0,,,,,,,,
87,2020-06-04,0,,7.0,,3.0,3.0,1996.0,,1996.0,958,17,125203.0,,,,,,,,
88,2020-06-05,2,,7.0,,3.0,3.0,1836.0,,1836.0,960,17,127039.0,,,,,,,,
89,2020-06-06,0,1.0,6.0,,2.0,2.0,2054.0,,2054.0,960,18,129093.0,,,,,,,,
90,2020-06-07,4,,5.0,,2.0,1.0,2364.0,,2364.0,964,18,131457.0,,,,,,,,
91,2020-06-08,6,,5.0,,2.0,1.0,799.0,,799.0,970,18,132256.0,,,,,,,,
92,2020-06-09,2,,4.0,,2.0,1.0,484.0,,484.0,972,18,132740.0,,,,,,,,
93,2020-06-10,2,,4.0,,2.0,2.0,1369.0,,1369.0,974,18,134109.0,,,,,,,,
94,2020-06-11,1,,4.0,,2.0,2.0,2518.0,,2518.0,975,18,136627.0,,,,,,,,
95,2020-06-12,5,,4.0,,2.0,2.0,1289.0,,1289.0,980,18,137916.0,,,,,,,,
96,2020-06-13,0,,4.0,,2.0,2.0,1613.0,,1613.0,980,18,139529.0,,,,,,,,
97,2020-06-14,3,,4.0,,2.0,2.0,1252.0,,1252.0,983,18,140781.0,,,,,,,,
98,2020-06-15,2,,4.0,,2.0,1.0,622.0,,622.0,985,18,141403.0,,,,,,,,
99,2020-06-16,0,,5.0,,2.0,1.0,912.0,,912.0,985,18,142315.0,,,,,,,,
100,2020-06-17,0,,4.0,,2.0,1.0,1210.0,,1210.0,985,18,143525.0,,,,,,,,
101,2020-06-18,0,1.0,2.0,,1.0,0.0,1047.0,,1047.0,985,19,144572.0,,,,,,,,
102,2020-06-19,0,,2.0,,0.0,0.0,763.0,,763.0,985,19,145335.0,,,,,,,,
103,2020-06-20,0,,1.0,,0.0,0.0,808.0,,808.0,985,19,146143.0,,,,,,,,
104,2020-06-21,1,,1.0,,0.0,0.0,620.0,,620.0,986,19,146763.0,,,,,,,,
105,2020-06-22,2,,0.0,,0.0,0.0,1039.0,,1039.0,988,19,147802.0,,,,,,,,
106,2020-06-23,2,,0.0,,0.0,0.0,1067.0,,1067.0,990,19,148869.0,,,,,,,,
107,2020-06-24,1,,0.0,,0.0,0.0,1405.0,,1405.0,991,19,150274.0,,,,,,,,
108,2020-06-25,1,,0.0,,0.0,0.0,1104.0,,1104.0,992,19,151378.0,,,,,,,,
109,2020-06-26,0,,2.0,,0.0,0.0,1059.0,,1059.0,992,19,152437.0,,,,,,,,
110,2020-06-27,2,,1.0,,0.0,0.0,1336.0,,1336.0,994,19,153773.0,,,,,,,,
111,2020-06-28,0,,1.0,,0.0,0.0,1059.0,,1059.0,994,19,154832.0,,,,,,,,
112,2020-06-29,2,,1.0,,0.0,0.0,1290.0,,1290.0,996,19,156122.0,,,,,,,,
113,2020-06-30,2,,1.0,,0.0,0.0,1320.0,,1320.0,998,19,157442.0,,,,,,,,
114,2020-07-01,1,,1.0,,0.0,0.0,1204.0,,1204.0,999,19,158646.0,,,,,,,,
115,2020-07-02,0,,1.0,,0.0,0.0,1019.0,,1019.0,999,19,159665.0,,,,,,,,
116,2020-07-03,0,,1.0,,0.0,0.0,1538.0,,1538.0,999,19,161203.0,,,,,,,,
117,2020-07-04,3,,1.0,,0.0,0.0,1699.0,,1699.0,1002,19,162902.0,,,,,,,,
118,2020-07-05,1,,1.0,,0.0,0.0,1445.0,,1445.0,1003,19,164347.0,,,,,,,,
119,2020-07-06,1,,1.0,,0.0,0.0,1259.0,,1259.0,1004,19,165606.0,,,,,,,,
120,2020-07-07,1,,0.0,,0.0,0.0,1191.0,,1191.0,1005,19,166797.0,,,,,,,,
121,2020-07-08,3,,0.0,,0.0,0.0,1691.0,,1691.0,1008,19,168488.0,,,,,,,,
122,2020-07-09,2,,0.0,,0.0,0.0,1159.0,,1159.0,1010,19,169647.0,,,,,,,,
123,2020-07-10,3,,0.0,,0.0,0.0,1247.0,,1247.0,1013,19,170894.0,,,,,,,,
124,2020-07-11,1,,0.0,,0.0,0.0,1748.0,,1748.0,1014,19,172642.0,,,,,,,,
125,2020-07-12,7,,0.0,,0.0,0.0,1179.0,,1179.0,1021,19,173821.0,,,,,,,,
126,2020-07-13,1,,0.0,,0.0,0.0,942.0,,942.0,1022,19,174763.0,,,,,,,,
127,2020-07-14,1,,0.0,,0.0,0.0,1754.0,,1754.0,1023,19,176517.0,,,,,,,,
128,2020-07-15,2,,0.0,,0.0,0.0,1658.0,,1658.0,1025,19,178175.0,,,,,,,,
129,2020-07-16,6,,0.0,,0.0,0.0,1504.0,,1504.0,1031,19,179679.0,,,,,,,,
130,2020-07-17,2,,0.0,,0.0,0.0,1329.0,,1329.0,1033,19,181008.0,,,,,,,,
131,2020-07-18,4,,0.0,,0.0,0.0,1831.0,,1831.0,1037,19,182839.0,,,,,,,,
132,2020-07-19,1,,0.0,,0.0,0.0,1085.0,,1085.0,1038,19,183924.0,,,,,,,,
133,2020-07-20,0,,0.0,,0.0,0.0,1565.0,,1565.0,1038,19,185489.0,,,,,,,,
134,2020-07-21,2,,0.0,,0.0,0.0,1395.0,,1395.0,1040,19,186884.0,,,,,,,,
135,2020-07-22,0,,0.0,,0.0,0.0,2465.0,,2465.0,1040,19,189349.0,,,,,,,,
136,2020-07-23,5,,0.0,,0.0,0.0,1575.0,,1575.0,1045,19,190924.0,,,,,,,,
137,2020-07-24,2,,0.0,,0.0,0.0,1109.0,,1109.0,1047,19,192033.0,,,,,,,,
138,2020-07-25,6,,0.0,,0.0,0.0,1682.0,,1682.0,1053,19,193715.0,,,,,,,,
139,2020-07-26,4,,0.0,,0.0,0.0,902.0,,902.0,1057,19,194617.0,,,,,,,,
140,2020-07-27,3,,0.0,,0.0,0.0,1855.0,,1855.0,1060,19,196472.0,,,,,,,,
141,2020-07-28,7,,0.0,,0.0,0.0,1974.0,,1974.0,1067,19,198446.0,,,,,,,,
142,2020-07-29,13,,0.0,,0.0,0.0,1725.0,,1725.0,1080,19,200171.0,,,,,,,,
143,2020-07-30,9,,6.0,,0.0,0.0,2069.0,,2069.0,1089,19,202240.0,,,,,,,,
144,2020-07-31,25,,7.0,,0.0,0.0,1850.0,,1850.0,1114,19,204090.0,,,,,,,,
145,2020-08-01,10,,7.0,,0.0,0.0,2987.0,,2987.0,1124,19,207077.0,,,,,,,,
146,2020-08-02,26,,4.0,,0.0,0.0,2924.0,,2924.0,1150,19,210001.0,,,,,,,,
147,2020-08-03,5,,4.0,,0.0,0.0,2581.0,,2581.0,1155,19,212582.0,,,,,,,,
148,2020-08-04,25,,5.0,,0.0,0.0,3988.0,,3988.0,1180,19,216570.0,,,,,,,,
149,2020-08-05,15,,4.0,,0.0,0.0,3132.0,,3132.0,1195,19,219702.0,,,,,,,,
150,2020-08-06,13,,4.0,,0.0,0.0,3486.0,,3486.0,1208,19,223188.0,,,,,,,,
151,2020-08-07,14,,4.0,,0.0,0.0,3539.0,,3539.0,1222,19,226727.0,,,,,,,,
152,2020-08-08,11,,5.0,,0.0,0.0,3314.0,,3314.0,1233,19,230041.0,,,,,,,,
153,2020-08-09,9,,5.0,,0.0,0.0,2919.0,,2919.0,1242,19,232960.0,,,,,,,,
154,2020-08-10,10,,5.0,,0.0,0.0,2619.0,,2619.0,1252,19,235579.0,,,,,,,,
155,2020-08-11,25,1.0,5.0,,0.0,0.0,4024.0,,4024.0,1277,20,239603.0,,,,,,,,
156,2020-08-12,14,,3.0,,0.0,0.0,3775.0,,3775.0,1291,20,243378.0,,,,,,,,
157,2020-08-13,14,,3.0,,0.0,0.0,3387.0,,3387.0,1305,20,246765.0,,,,,,,,
158,2020-08-14,13,,3.0,,0.0,0.0,2960.0,,2960.0,1318,20,249725.0,,,,,,,,
159,2020-08-15,14,,3.0,,0.0,0.0,3813.0,,3813.0,1332,20,253538.0,,,,,,,,
160,2020-08-16,7,,2.0,,0.0,0.0,2475.0,,2475.0,1339,20,256013.0,,,,,,,,
161,2020-08-17,12,,2.0,,0.0,0.0,3588.0,,3588.0,1351,20,259601.0,,,,,,,,
162,2020-08-18,8,,2.0,,1.0,1.0,4315.0,,4315.0,1359,20,263916.0,,,,,,,,
163,2020-08-19,26,,2.0,,1.0,1.0,3372.0,,3372.0,1385,20,267288.0,,,,,,,,
164,2020-08-20,10,,2.0,,1.0,1.0,3202.0,,3202.0,1395,20,270490.0,,,,,,,,
165,2020-08-21,11,,3.0,,1.0,1.0,3201.0,,3201.0,1406,20,273691.0,,,,,,,,
166,2020-08-22,11,,2.0,,1.0,1.0,3446.0,,3446.0,1417,20,277137.0,,,,,,,,
167,2020-08-23,4,,3.0,,1.0,1.0,3281.0,,3281.0,1421,20,280418.0,,,,,,,,
168,2020-08-24,11,,4.0,,1.0,1.0,3522.0,,3522.0,1432,20,283940.0,,,,,,,,
169,2020-08-25,14,,4.0,,1.0,1.0,2769.0,,2769.0,1446,20,286709.0,,,,,,,,
170,2020-08-26,10,,7.0,,1.0,1.0,3207.0,,3207.0,1456,20,289916.0,,,,,,,,
171,2020-08-27,11,,5.0,,1.0,1.0,2755.0,,2755.0,1467,20,292671.0,,,,,,,,
172,2020-08-28,14,,5.0,,1.0,1.0,2917.0,,2917.0,1481,20,295588.0,,,,,,,,
173,2020-08-29,2,,7.0,,1.0,1.0,2843.0,,2843.0,1483,20,298431.0,,,,,,,,
174,2020-08-30,4,,7.0,,1.0,1.0,2845.0,,2845.0,1487,20,301276.0,,,,,,,,
175,2020-08-31,1,,8.0,,1.0,1.0,1916.0,,1916.0,1488,20,303192.0,,,,,,,,
176,2020-09-01,2,1.0,6.0,,1.0,1.0,2646.0,,2646.0,1490,21,305838.0,,,,,,,,
177,2020-09-02,5,,6.0,,1.0,1.0,2643.0,,2643.0,1495,21,308481.0,,,,,,,,
178,2020-09-03,3,,6.0,,2.0,2.0,2149.0,,2149.0,1498,21,310630.0,,,,,,,,
179,2020-09-04,4,,7.0,,2.0,2.0,1810.0,,1810.0,1502,21,312440.0,,,,,,,,
180,2020-09-05,5,,4.0,,2.0,2.0,3033.0,,3033.0,1507,21,315473.0,,,,,,,,
181,2020-09-06,2,,4.0,,2.0,2.0,2150.0,,2150.0,1509,21,317623.0,,,,,,,,
182,2020-09-07,1,1.0,2.0,,1.0,1.0,2049.0,,2049.0,1510,22,319672.0,,,,,,,,
183,2020-09-08,1,,4.0,,1.0,1.0,2797.0,,2797.0,1511,22,322469.0,,,,,,,,
184,2020-09-09,3,,4.0,,1.0,1.0,2251.0,,2251.0,1514,22,324720.0,,,,,,,,
185,2020-09-10,3,,4.0,,1.0,1.0,2452.0,,2452.0,1517,22,327172.0,,,,,,,,
186,2020-09-11,3,,4.0,,1.0,0.0,3108.0,,3108.0,1520,22,330280.0,,,,,,,,
187,2020-09-12,3,,4.0,,1.0,0.0,2320.0,,2320.0,1523,22,332600.0,,,,,,,,
188,2020-09-13,3,,4.0,,1.0,0.0,2810.0,,2810.0,1526,22,335410.0,,,,,,,,
189,2020-09-14,8,,5.0,,1.0,0.0,1960.0,,1960.0,1534,22,337370.0,,,,,,,,
190,2020-09-15,6,,6.0,,1.0,0.0,3157.0,,3157.0,1540,22,340527.0,,,,,,,,
191,2020-09-16,8,,6.0,,1.0,0.0,2449.0,,2449.0,1548,22,342976.0,,,,,,,,
192,2020-09-17,10,,7.0,,1.0,0.0,1951.0,,1951.0,1558,22,344927.0,,,,,,,,
193,2020-09-18,7,,7.0,,1.0,0.0,3039.0,,3039.0,1565,22,347966.0,,,,,,,,
194,2020-09-19,25,,7.0,,1.0,0.0,2950.0,,2950.0,1590,22,350916.0,,,,,,,,
195,2020-09-20,10,,6.0,,1.0,0.0,2164.0,,2164.0,1600,22,353080.0,,,,,,,,
196,2020-09-21,3,,9.0,,0.0,0.0,3036.0,,3036.0,1603,22,356116.0,,,,,,,,
197,2020-09-22,15,,7.0,,0.0,0.0,2709.0,,2709.0,1618,22,358825.0,,,,,,,,
198,2020-09-23,36,,12.0,,0.0,0.0,3317.0,,3317.0,1654,22,362142.0,,,,,,,,
199,2020-09-24,9,,12.0,,0.0,0.0,2893.0,,2893.0,1663,22,365035.0,,,,,,,,
200,2020-09-25,8,,14.0,,0.0,0.0,2615.0,,2615.0,1671,22,367650.0,,,,,,,,
201,2020-09-26,13,,14.0,,0.0,0.0,3220.0,,3220.0,1684,22,370870.0,,,,,,,,
202,2020-09-27,12,,17.0,,0.0,0.0,3338.0,,3338.0,1696,22,374208.0,,,,,,,,
203,2020-09-28,17,,15.0,,0.0,0.0,2465.0,,2465.0,1713,22,376673.0,,,,,,,,
204,2020-09-29,30,,16.0,,0.0,0.0,2685.0,,2685.0,1743,22,379358.0,,,,,,,,
205,2020-09-30,12,,12.0,,1.0,1.0,3147.0,,3147.0,1755,22,382505.0,,,,,,,,
206,2020-10-01,17,,12.0,,1.0,1.0,2454.0,,2454.0,1772,22,384959.0,,,,,,,,
207,2020-10-02,17,,11.0,,1.0,1.0,2412.0,,2412.0,1789,22,387371.0,,,,,,,,
208,2020-10-03,22,,13.0,,2.0,2.0,3477.0,,3477.0,1811,22,390848.0,,,,,,,,
209,2020-10-04,13,,11.0,,2.0,2.0,3177.0,,3177.0,1824,22,394025.0,,,,,,,,
210,2020-10-05,23,,11.0,,2.0,2.0,2736.0,,2736.0,1847,22,396761.0,,,,,,,,
211,2020-10-06,29,1.0,9.0,,3.0,3.0,3532.0,,3532.0,1876,23,400293.0,,,,,,,,
212,2020-10-07,21,1.0,6.0,,2.0,2.0,3533.0,,3533.0,1897,24,403826.0,,,,,,,,
213,2020-10-08,21,,8.0,,2.0,2.0,3133.0,,3133.0,1918,24,406959.0,,,,,,,,
214,2020-10-09,33,1.0,5.0,,2.0,2.0,2891.0,,2891.0,1951,25,409850.0,,,,,,,,
215,2020-10-10,35,,5.0,,2.0,2.0,3414.0,,3414.0,1986,25,413264.0,,,,,,,,
216,2020-10-11,20,,5.0,,2.0,2.0,3365.0,,3365.0,2006,25,416629.0,,,,,,,,
217,2020-10-12,41,,7.0,,2.0,2.0,2610.0,,2610.0,2047,25,419239.0,,,,,,,,
218,2020-10-13,83,,7.0,,2.0,2.0,3645.0,,3645.0,2130,25,422884.0,,,,,,,,
219,2020-10-14,51,,8.0,,2.0,2.0,2291.0,,2291.0,2181,25,425175.0,,,,,,,,
220,2020-10-15,104,,9.0,,2.0,2.0,3877.0,,3877.0,2285,25,429052.0,,,,,,,,
221,2020-10-16,94,,12.0,,2.0,2.0,3084.0,,3084.0,2379,25,432136.0,,,,,,,,
222,2020-10-17,202,,21.0,,2.0,2.0,4966.0,,4966.0,2581,25,437102.0,,,,,,,,
223,2020-10-18,63,,19.0,,2.0,2.0,3688.0,,3688.0,2644,25,440790.0,,,,,,,,
224,2020-10-19,43,,23.0,,2.0,2.0,2558.0,,2558.0,2687,25,443348.0,,,,,,,,
225,2020-10-20,152,,24.0,,2.0,2.0,4410.0,,4410.0,2839,25,447758.0,,,,,,,,
226,2020-10-21,127,,23.0,,2.0,2.0,3309.0,,3309.0,2966,25,451067.0,,,,,,,,
227,2020-10-22,188,,26.0,,2.0,2.0,4304.0,,4304.0,3154,25,455371.0,,,,,,,,
228,2020-10-23,160,,26.0,,2.0,2.0,4327.0,,4327.0,3314,25,459698.0,,,,,,,,
229,2020-10-24,130,,28.0,,2.0,2.0,4284.0,,4284.0,3444,25,463982.0,,,,,,,,
230,2020-10-25,101,,32.0,,2.0,2.0,2781.0,,2781.0,3545,25,466763.0,,,,,,,,
231,2020-10-26,91,,31.0,,2.0,2.0,2285.0,,2285.0,3636,25,469048.0,,,,,,,,
232,2020-10-27,181,,31.0,,3.0,3.0,3589.0,,3589.0,3817,25,472637.0,,,,,,,,
233,2020-10-28,113,,38.0,,4.0,4.0,3122.0,,3122.0,3930,25,475759.0,,,,,,,,
234,2020-10-29,121,,38.0,,4.0,4.0,2530.0,,2530.0,4051,25,478289.0,,,,,,,,
235,2020-10-30,166,,34.0,,4.0,4.0,3672.0,,3672.0,4217,25,481961.0,,,,,,,,
236,2020-10-31,149,1.0,37.0,,5.0,5.0,4783.0,,4783.0,4366,26,486744.0,,,,,,,,
237,2020-11-01,197,,39.0,,5.0,5.0,3053.0,,3053.0,4563,26,489797.0,,,,,,,,
238,2020-11-02,197,,40.0,,5.0,5.0,2812.0,,2812.0,4760,26,492609.0,,,,,,,,
239,2020-11-03,174,,42.0,,5.0,5.0,4033.0,,4033.0,4934,26,496642.0,,,,,,,,
240,2020-11-04,166,,57.0,,5.0,5.0,3529.0,,3529.0,5100,26,500171.0,,,,,,,,
241,2020-11-05,233,,65.0,,5.0,5.0,3756.0,,3756.0,5333,26,503927.0,,,,,,,,
242,2020-11-06,224,,70.0,,6.0,6.0,3693.0,,3693.0,5557,26,507620.0,,,,,,,,
243,2020-11-07,314,1.0,69.0,,7.0,7.0,4218.0,,4218.0,5871,27,511838.0,,,,,,,,
244,2020-11-08,116,,77.0,,7.0,7.0,2803.0,,2803.0,5987,27,514641.0,,,,,,,,
245,2020-11-09,111,,85.0,,7.0,6.0,2111.0,,2111.0,6098,27,516752.0,,,,,,,,
246,2020-11-10,198,2.0,76.0,,7.0,6.0,4143.0,,4143.0,6296,29,520895.0,,,,,,,,
247,2020-11-11,165,4.0,73.0,,6.0,4.0,3291.0,,3291.0,6461,33,524186.0,,,,,,,,
248,2020-11-12,185,1.0,68.0,,7.0,5.0,2891.0,,2891.0,6646,34,527077.0,,,,,,,,
249,2020-11-13,207,4.0,59.0,,8.0,6.0,3088.0,,3088.0,6853,38,530165.0,,,,,,,,
250,2020-11-14,198,1.0,64.0,,8.0,6.0,4157.0,,4157.0,7051,39,534322.0,,,,,,,,
251,2020-11-15,127,1.0,73.0,,9.0,7.0,3333.0,,3333.0,7178,40,537655.0,,,,,,,,
252,2020-11-16,107,,75.0,,9.0,6.0,3679.0,4151.0,7830.0,7285,40,541334.0,4151.0,545485.0,,,,,,
253,2020-11-17,228,,74.0,,10.0,7.0,8884.0,2698.0,11582.0,7513,40,550218.0,6849.0,557067.0,,,,,,
254,2020-11-18,198,1.0,77.0,,10.0,6.0,7049.0,3049.0,10098.0,7711,41,557267.0,9898.0,567165.0,,,,,,
255,2020-11-19,268,,81.0,,10.0,6.0,6398.0,6007.0,12405.0,7979,41,563665.0,15905.0,579570.0,,,,,,
256,2020-11-20,274,2.0,89.0,,9.0,5.0,5022.0,7055.0,12077.0,8253,43,568687.0,22960.0,591647.0,,,,,,
257,2020-11-21,245,,91.0,,9.0,6.0,7235.0,6208.0,13443.0,8498,43,575922.0,29168.0,605090.0,,,,,,
258,2020-11-22,187,1.0,97.0,,9.0,6.0,3223.0,6254.0,9477.0,8685,44,579145.0,35422.0,614567.0,,,,,,
259,2020-11-23,262,,110.0,,12.0,10.0,5197.0,5665.0,10862.0,8947,44,584342.0,41087.0,625429.0,,,,,,
260,2020-11-24,252,2.0,101.0,,11.0,9.0,5489.0,5535.0,11024.0,9199,46,589831.0,46622.0,636453.0,,,,,,
261,2020-11-25,254,1.0,107.0,,15.0,13.0,6479.0,5555.0,12034.0,9453,47,596310.0,52177.0,648487.0,,,,,,
262,2020-11-26,220,1.0,109.0,,17.0,14.0,5981.0,6164.0,12145.0,9673,48,602291.0,58341.0,660632.0,,,,,,
263,2020-11-27,310,,108.0,,16.0,11.0,6679.0,6311.0,12990.0,9983,48,608970.0,64652.0,673622.0,,,,,,
264,2020-11-28,248,,114.0,,16.0,12.0,6659.0,7865.0,14524.0,10231,48,615629.0,72517.0,688146.0,,,,,,
265,2020-11-29,152,,119.0,,15.0,13.0,3227.0,4401.0,7628.0,10383,48,618856.0,76918.0,695774.0,,,,,,
266,2020-11-30,182,1.0,127.0,,14.0,12.0,2543.0,5090.0,7633.0,10565,49,621399.0,82008.0,703407.0,,,,,,
267,2020-12-01,318,,131.0,,14.0,12.0,2366.0,7729.0,10095.0,10883,49,623765.0,89737.0,713502.0,,,,,,
268,2020-12-02,292,5.0,124.0,,14.0,12.0,3027.0,6060.0,9087.0,11175,54,626792.0,95797.0,722589.0,,,,,,
269,2020-12-03,348,2.0,124.0,,14.0,12.0,3624.0,6398.0,10022.0,11523,56,630416.0,102195.0,732611.0,,,,,,
270,2020-12-04,289,3.0,111.0,17.0,13.0,11.0,3848.0,5741.0,9589.0,11812,59,634264.0,107936.0,742200.0,,,,,,
271,2020-12-05,369,3.0,119.0,16.0,12.0,11.0,4009.0,5737.0,9746.0,12181,62,638273.0,113673.0,751946.0,,,,,,
272,2020-12-06,270,2.0,121.0,18.0,12.0,10.0,2090.0,5828.0,7918.0,12451,64,640363.0,119501.0,759864.0,,,,,,
273,2020-12-07,416,2.0,126.0,20.0,13.0,9.0,4347.0,5105.0,9452.0,12867,66,644710.0,124606.0,769316.0,,,,,,
274,2020-12-08,419,5.0,115.0,21.0,13.0,10.0,4208.0,6702.0,10910.0,13286,71,648918.0,131308.0,780226.0,,,,,,
275,2020-12-09,363,2.0,116.0,23.0,15.0,12.0,3829.0,8424.0,12253.0,13649,73,652747.0,139732.0,792479.0,,,,,,
276,2020-12-10,403,2.0,106.0,20.0,13.0,10.0,3736.0,10831.0,14567.0,14052,75,656483.0,150563.0,807046.0,,,,,,
277,2020-12-11,424,3.0,110.0,17.0,12.0,10.0,3922.0,8894.0,12816.0,14476,78,660405.0,159457.0,819862.0,,,,,,
278,2020-12-12,324,3.0,113.0,16.0,12.0,10.0,4607.0,7310.0,11917.0,14800,81,665012.0,166767.0,831779.0,,,,,,
279,2020-12-13,301,2.0,120.0,15.0,11.0,10.0,2427.0,7418.0,9845.0,15101,83,667439.0,174185.0,841624.0,,,,,,
280,2020-12-14,349,6.0,123.0,16.0,12.0,10.0,3117.0,6834.0,9951.0,15450,89,670556.0,181019.0,851575.0,,,,,,
281,2020-12-15,339,2.0,122.0,22.0,13.0,12.0,4989.0,6744.0,11733.0,15789,91,675545.0,187763.0,863308.0,,,,,,
282,2020-12-16,401,1.0,125.0,26.0,14.0,12.0,4510.0,7848.0,12358.0,16190,92,680055.0,195611.0,875666.0,,,,,,
283,2020-12-17,457,0.0,115.0,25.0,14.0,12.0,3750.0,7768.0,11518.0,16647,92,683805.0,203379.0,887184.0,,,,,,
284,2020-12-18,410,2.0,115.0,25.0,13.0,12.0,4132.0,7910.0,12042.0,17057,94,687937.0,211289.0,899226.0,,,,,,
285,2020-12-19,419,2.0,115.0,22.0,13.0,11.0,4323.0,5981.0,10304.0,17476,96,692260.0,217270.0,909530.0,,,,,,
286,2020-12-20,242,2.0,125.0,28.0,14.0,13.0,1831.0,5387.0,7218.0,17718,98,694091.0,222657.0,916748.0,,,,,,
287,2020-12-21,286,1.0,127.0,31.0,15.0,15.0,3929.0,8843.0,12772.0,18004,99,698020.0,231500.0,929520.0,,,,,,
288,2020-12-22,402,5.0,130.0,32.0,15.0,12.0,4088.0,8570.0,12658.0,18406,104,702108.0,240070.0,942178.0,,,,,,
289,2020-12-23,477,3.0,146.0,34.0,16.0,15.0,4343.0,9845.0,14188.0,18883,107,706451.0,249915.0,956366.0,,,,,,
290,2020-12-24,433,3.0,142.0,34.0,17.0,16.0,4024.0,4696.0,8720.0,19316,110,710475.0,254611.0,965086.0,,,,,,
291,2020-12-25,50,2.0,148.0,42.0,20.0,19.0,1283.0,124.0,1407.0,19366,112,711758.0,254735.0,966493.0,,,,,,
292,2020-12-26,25,2.0,149.0,45.0,23.0,20.0,536.0,3330.0,3866.0,19391,114,712294.0,258065.0,970359.0,,,,,,
293,2020-12-27,266,1.0,154.0,57.0,25.0,24.0,1670.0,3955.0,5625.0,19657,115,713964.0,262020.0,975984.0,,,,,,
294,2020-12-28,751,1.0,153.0,51.0,27.0,27.0,2601.0,10881.0,13482.0,20408,116,716565.0,272901.0,989466.0,,,,,,
295,2020-12-29,907,4.0,154.0,42.0,25.0,20.0,4265.0,13805.0,18070.0,21315,120,720830.0,286706.0,1007536.0,,,,,,
296,2020-12-30,704,2.0,159.0,41.0,25.0,22.0,3620.0,13831.0,17451.0,22019,122,724450.0,300537.0,1024987.0,,,,,,
297,2020-12-31,632,6.0,160.0,46.0,27.0,22.0,3739.0,8904.0,12643.0,22651,128,728189.0,309441.0,1037630.0,,,,,,
298,2021-01-01,167,2.0,168.0,48.0,28.0,20.0,559.0,2667.0,3226.0,22818,130,728748.0,312108.0,1040856.0,,,,,,
299,2021-01-02,627,2.0,180.0,54.0,30.0,25.0,1600.0,10439.0,12039.0,23445,132,730348.0,322547.0,1052895.0,,,,,,
300,2021-01-03,529,2.0,182.0,45.0,28.0,19.0,2839.0,9212.0,12051.0,23974,134,733187.0,331759.0,1064946.0,,,,,,
301,2021-01-04,665,2.0,180.0,51.0,30.0,22.0,2642.0,10853.0,13495.0,24639,136,735829.0,342612.0,1078441.0,,,,,,
302,2021-01-05,569,1.0,179.0,50.0,31.0,25.0,3420.0,10889.0,14309.0,25208,137,739249.0,353501.0,1092750.0,,,,,,
303,2021-01-06,573,4.0,187.0,49.0,31.0,25.0,3057.0,7144.0,10201.0,25781,141,742306.0,360645.0,1102951.0,,,,,,
304,2021-01-07,427,2.0,196.0,49.0,32.0,26.0,2527.0,9049.0,11576.0,26208,143,744833.0,369694.0,1114527.0,,,,,,
305,2021-01-08,466,1.0,198.0,52.0,34.0,30.0,3451.0,9380.0,12831.0,26674,144,748284.0,379074.0,1127358.0,,,,,,
306,2021-01-09,337,8.0,209.0,53.0,35.0,31.0,3554.0,7967.0,11521.0,27011,152,751838.0,387041.0,1138879.0,,,,,,
307,2021-01-10,339,1.0,208.0,55.0,36.0,32.0,1607.0,7171.0,8778.0,27350,153,753445.0,394212.0,1147657.0,,,,,,
308,2021-01-11,288,5.0,205.0,58.0,35.0,29.0,3892.0,8950.0,12842.0,27638,158,757337.0,403162.0,1160499.0,,,,,,
309,2021-01-12,259,4.0,197.0,58.0,38.0,30.0,2790.0,10441.0,13231.0,27897,162,760127.0,413603.0,1173730.0,,,,,,
310,2021-01-13,227,6.0,198.0,59.0,36.0,30.0,2468.0,10830.0,13298.0,28124,168,762595.0,424433.0,1187028.0,,,,,,
311,2021-01-14,241,4.0,202.0,59.0,37.0,32.0,2141.0,8187.0,10328.0,28365,172,764736.0,432620.0,1197356.0,,,,,,
312,2021-01-15,244,0.0,200.0,57.0,36.0,30.0,2330.0,8833.0,11163.0,28609,172,767066.0,441453.0,1208519.0,,,,,,
313,2021-01-16,202,1.0,193.0,59.0,37.0,29.0,2403.0,5611.0,8014.0,28811,173,769469.0,447064.0,1216533.0,,,,,,
314,2021-01-17,157,4.0,208.0,56.0,39.0,32.0,1259.0,5797.0,7056.0,28968,177,770728.0,452861.0,1223589.0,,,,,,
315,2021-01-18,162,6.0,199.0,55.0,38.0,35.0,1663.0,7721.0,9384.0,29130,183,772391.0,460582.0,1232973.0,,,,,,
316,2021-01-19,164,2.0,194.0,59.0,38.0,32.0,1867.0,6499.0,8366.0,29294,185,774258.0,467081.0,1241339.0,,,,,,
317,2021-01-20,178,0.0,192.0,60.0,37.0,29.0,2050.0,7834.0,9884.0,29472,185,776308.0,474915.0,1251223.0,,,,,,
318,2021-01-21,164,2.0,184.0,58.0,37.0,30.0,1739.0,9431.0,11170.0,29636,187,778047.0,484346.0,1262393.0,,,,,,
319,2021-01-22,122,1.0,179.0,58.0,35.0,32.0,1718.0,7917.0,9635.0,29758,188,779765.0,492263.0,1272028.0,,,,,,
320,2021-01-23,129,5.0,174.0,59.0,35.0,29.0,2037.0,6118.0,8155.0,29887,193,781802.0,498381.0,1280183.0,,,,,,
321,2021-01-24,130,3.0,173.0,55.0,35.0,30.0,1422.0,6318.0,7740.0,30017,196,783224.0,504699.0,1287923.0,,,,,,
322,2021-01-25,126,2.0,164.0,52.0,36.0,30.0,1406.0,11399.0,12805.0,30143,198,784630.0,516098.0,1300728.0,,,,,,
323,2021-01-26,109,2.0,160.0,53.0,35.0,32.0,1725.0,9267.0,10992.0,30252,200,786355.0,525365.0,1311720.0,,,,,,
324,2021-01-27,128,3.0,155.0,52.0,36.0,32.0,1756.0,10377.0,12133.0,30380,203,788111.0,535742.0,1323853.0,,,,,,
325,2021-01-28,158,4.0,153.0,51.0,35.0,27.0,1665.0,11929.0,13594.0,30538,207,789776.0,547671.0,1337447.0,,,,,,
326,2021-01-29,119,0.0,145.0,51.0,35.0,26.0,1406.0,17566.0,18972.0,30657,207,791182.0,565237.0,1356419.0,,,,,,
327,2021-01-30,113,0.0,140.0,50.0,35.0,28.0,2241.0,20433.0,22674.0,30770,207,793423.0,585670.0,1379093.0,,,,,,
328,2021-01-31,106,2.0,140.0,50.0,32.0,24.0,1067.0,27297.0,28364.0,30876,209,794490.0,612967.0,1407457.0,,,,,,
329,2021-02-01,120,3.0,129.0,43.0,30.0,23.0,1854.0,25394.0,27248.0,30996,212,796344.0,638361.0,1434705.0,,,,,,
330,2021-02-02,128,0.0,121.0,40.0,28.0,23.0,1609.0,25476.0,27085.0,31124,212,797953.0,663837.0,1461790.0,,,,,,
331,2021-02-03,139,1.0,126.0,39.0,27.0,23.0,1716.0,26943.0,28659.0,31263,213,799669.0,690780.0,1490449.0,,,,,,
332,2021-02-04,116,5.0,112.0,31.0,22.0,19.0,1592.0,26813.0,28405.0,31379,218,801261.0,717593.0,1518854.0,,,,,,
333,2021-02-05,133,2.0,113.0,34.0,23.0,21.0,1872.0,28461.0,30333.0,31512,220,803133.0,746054.0,1549187.0,,,,,,
334,2021-02-06,132,1.0,112.0,33.0,23.0,17.0,2090.0,34773.0,36863.0,31644,221,805223.0,780827.0,1586050.0,,,,,,
335,2021-02-07,115,1.0,109.0,33.0,24.0,21.0,852.0,40122.0,40974.0,31759,222,806075.0,820949.0,1627024.0,,,,,,
336,2021-02-08,105,2.0,103.0,34.0,24.0,19.0,2283.0,32456.0,34739.0,31864,224,808358.0,853405.0,1661763.0,,,,,,
337,2021-02-09,95,0.0,94.0,35.0,23.0,23.0,1559.0,23868.0,25427.0,31959,224,809917.0,877273.0,1687190.0,,,,,,
338,2021-02-10,113,3.0,95.0,36.0,21.0,17.0,1865.0,22915.0,24780.0,32072,227,811782.0,900188.0,1711970.0,,,,,,
339,2021-02-11,103,3.0,94.0,35.0,24.0,20.0,1453.0,24518.0,25971.0,32175,230,813235.0,924706.0,1737941.0,,,,,,
340,2021-02-12,113,1.0,86.0,29.0,22.0,19.0,1290.0,29915.0,31205.0,32288,231,814525.0,954621.0,1769146.0,,,,,,
341,2021-02-13,102,1.0,84.0,29.0,22.0,17.0,2192.0,30118.0,32310.0,32390,232,816717.0,984739.0,1801456.0,,,,,,
342,2021-02-14,123,1.0,87.0,28.0,21.0,13.0,933.0,34308.0,35241.0,32513,233,817650.0,1019047.0,1836697.0,,,,,,
343,2021-02-15,113,1.0,86.0,25.0,20.0,10.0,2066.0,33098.0,35164.0,32626,234,819716.0,1052145.0,1871861.0,,,,,,
344,2021-02-16,81,3.0,86.0,23.0,15.0,10.0,1618.0,24652.0,26270.0,32707,237,821334.0,1076797.0,1898131.0,,,,,,
345,2021-02-17,121,2.0,81.0,21.0,15.0,13.0,1837.0,23577.0,25414.0,32828,239,823171.0,1100374.0,1923545.0,,,,,,
346,2021-02-18,107,1.0,81.0,21.0,16.0,10.0,1720.0,23835.0,25555.0,32935,240,824891.0,1124209.0,1949100.0,,,,,,
347,2021-02-19,111,1.0,76.0,22.0,17.0,12.0,1917.0,35408.0,37325.0,33046,241,826808.0,1159617.0,1986425.0,,,,,,
348,2021-02-20,107,0.0,77.0,22.0,15.0,12.0,2279.0,29476.0,31755.0,33153,241,829087.0,1189093.0,2018180.0,,,,,,
349,2021-02-21,107,0.0,81.0,24.0,17.0,14.0,916.0,34112.0,35028.0,33260,241,830003.0,1223205.0,2053208.0,,,,,,
350,2021-02-22,131,1.0,76.0,26.0,18.0,12.0,2553.0,31637.0,34190.0,33391,242,832556.0,1254842.0,2087398.0,,,,,,
351,2021-02-23,176,0.0,78.0,25.0,16.0,11.0,2085.0,25677.0,27762.0,33567,242,834641.0,1280519.0,2115160.0,,,,,,
352,2021-02-24,143,1.0,81.0,25.0,16.0,11.0,1694.0,24909.0,26603.0,33710,243,836335.0,1305428.0,2141763.0,,,,,,
353,2021-02-25,199,1.0,82.0,19.0,13.0,10.0,2304.0,26157.0,28461.0,33909,244,838639.0,1331585.0,2170224.0,,,,,,
354,2021-02-26,272,1.0,80.0,17.0,13.0,11.0,2350.0,41608.0,43958.0,34181,245,840989.0,1373193.0,2214182.0,,,,,,
355,2021-02-27,243,0.0,78.0,20.0,12.0,10.0,2587.0,38160.0,40747.0,34424,245,843576.0,1411353.0,2254929.0,,,,,,
356,2021-02-28,283,0.0,88.0,24.0,14.0,13.0,1575.0,43656.0,45231.0,34707,245,845151.0,1455009.0,2300160.0,,,,,,
357,2021-03-01,302,0.0,76.0,24.0,14.0,12.0,2583.0,35418.0,38001.0,35009,245,847734.0,1490427.0,2338161.0,,,,,,
358,2021-03-02,288,1.0,79.0,22.0,12.0,9.0,2780.0,30153.0,32933.0,35297,246,850514.0,1520580.0,2371094.0,,,,,,
359,2021-03-03,323,0.0,89.0,22.0,13.0,9.0,2929.0,30265.0,33194.0,35620,246,853443.0,1550845.0,2404288.0,,,,,,
360,2021-03-04,384,1.0,101.0,22.0,13.0,12.0,2830.0,36977.0,39807.0,36004,247,856273.0,1587822.0,2444095.0,,,,,,
361,2021-03-05,273,0.0,111.0,27.0,14.0,12.0,2326.0,55600.0,57926.0,36277,247,858599.0,1643422.0,2502021.0,,,,,,
362,2021-03-06,298,0.0,126.0,25.0,14.0,11.0,3262.0,42107.0,45369.0,36575,247,861861.0,1685529.0,2547390.0,,,,,,
363,2021-03-07,303,1.0,129.0,25.0,14.0,13.0,1353.0,45191.0,46544.0,36878,248,863214.0,1730720.0,2593934.0,,,,,,
364,2021-03-08,352,0.0,145.0,25.0,15.0,15.0,2763.0,38128.0,40891.0,37230,248,865977.0,1768848.0,2634825.0,,,,,,
365,2021-03-09,420,0.0,154.0,29.0,19.0,15.0,3312.0,31487.0,34799.0,37650,248,869289.0,1800335.0,2669624.0,,,,,,
366,2021-03-10,415,2.0,165.0,30.0,18.0,15.0,2683.0,31396.0,34079.0,38065,250,871972.0,1831731.0,2703703.0,,,,,,
367,2021-03-11,431,1.0,185.0,36.0,20.0,16.0,2940.0,40237.0,43177.0,38496,251,874912.0,1871968.0,2746880.0,,,,,,
368,2021-03-12,383,2.0,195.0,36.0,23.0,21.0,2822.0,54515.0,57337.0,38879,253,877734.0,1926483.0,2804217.0,,,,,,
369,2021-03-13,398,0.0,201.0,34.0,21.0,18.0,3232.0,40708.0,43940.0,39277,253,880966.0,1967191.0,2848157.0,,,,,,
370,2021-03-14,374,2.0,205.0,37.0,24.0,19.0,2327.0,38942.0,41269.0,39651,255,883293.0,2006133.0,2889426.0,,,,,,
371,2021-03-15,218,0.0,208.0,40.0,24.0,17.0,245.0,22899.0,23144.0,39869,255,883538.0,2029032.0,2912570.0,,,,,,
372,2021-03-16,475,1.0,221.0,42.0,23.0,11.0,3840.0,44044.0,47884.0,40344,256,887378.0,2073076.0,2960454.0,,,,,,
373,2021-03-17,382,0.0,218.0,44.0,25.0,15.0,3517.0,35168.0,38685.0,40726,256,890895.0,2108244.0,2999139.0,,,,,,
374,2021-03-18,385,0.0,212.0,43.0,23.0,16.0,3243.0,42355.0,45598.0,41111,256,894138.0,2150599.0,3044737.0,,,,,,
375,2021-03-19,364,0.0,204.0,45.0,21.0,15.0,3002.0,54789.0,57791.0,41475,256,897140.0,2205388.0,3102528.0,,,,,,
376,2021-03-20,407,1.0,201.0,46.0,23.0,19.0,3742.0,50032.0,53774.0,41882,257,900882.0,2255420.0,3156302.0,,,,,,
377,2021-03-21,336,1.0,212.0,45.0,22.0,19.0,1554.0,45752.0,47306.0,42218,258,902436.0,2301172.0,3203608.0,,,,,,
378,2021-03-22,410,2.0,217.0,51.0,25.0,21.0,3346.0,39827.0,43173.0,42628,260,905782.0,2340999.0,3246781.0,,,,,,
379,2021-03-23,365,1.0,222.0,50.0,28.0,23.0,3533.0,33169.0,36702.0,42993,261,909315.0,2374168.0,3283483.0,,,,,,
380,2021-03-24,293,2.0,211.0,47.0,27.0,21.0,2644.0,34842.0,37486.0,43286,263,911959.0,2409010.0,3320969.0,,,,,,
381,2021-03-25,324,0.0,196.0,51.0,29.0,22.0,2378.0,18922.0,21300.0,43610,263,914337.0,2427932.0,3342269.0,,,,,,
382,2021-03-26,361,0.0,196.0,53.0,31.0,25.0,3837.0,44647.0,48484.0,43971,263,918174.0,2472579.0,3390753.0,,,,,,
383,2021-03-27,334,2.0,193.0,51.0,30.0,23.0,3913.0,39498.0,43411.0,44305,265,922087.0,2512077.0,3434164.0,,,,,,
384,2021-03-28,326,2.0,196.0,52.0,30.0,21.0,2132.0,52958.0,55090.0,44631,267,924219.0,2565035.0,3489254.0,,,,,,
385,2021-03-29,360,4.0,185.0,49.0,27.0,19.0,4032.0,44400.0,48432.0,44991,271,928251.0,2609435.0,3537686.0,,,,,,
386,2021-03-30,439,3.0,177.0,46.0,25.0,21.0,3666.0,38591.0,42257.0,45430,274,931917.0,2648026.0,3579943.0,,,,,,
387,2021-03-31,434,0.0,176.0,43.0,26.0,22.0,3235.0,48066.0,51301.0,45864,274,935152.0,2696092.0,3631244.0,,,,,,
388,2021-04-01,309,4.0,190.0,46.0,27.0,22.0,1436.0,42478.0,43914.0,46173,278,936588.0,2738570.0,3675158.0,,,,,,
389,2021-04-02,705,1.0,193.0,45.0,26.0,22.0,5204.0,53940.0,59144.0,46878,279,941792.0,2792510.0,3734302.0,,,,,,
390,2021-04-03,404,0.0,199.0,45.0,26.0,21.0,3596.0,46747.0,50343.0,47282,279,945388.0,2839257.0,3784645.0,,,,,,
391,2021-04-04,431,0.0,210.0,48.0,28.0,24.0,2898.0,51944.0,54842.0,47713,279,948286.0,2891201.0,3839487.0,,,,,,
392,2021-04-05,565,1.0,196.0,47.0,28.0,24.0,5414.0,49238.0,54652.0,48278,280,953700.0,2940439.0,3894139.0,,,,,,
393,2021-04-06,559,2.0,205.0,46.0,28.0,21.0,4892.0,44191.0,49083.0,48837,282,958592.0,2984630.0,3943222.0,,,,,,
394,2021-04-07,529,2.0,210.0,48.0,26.0,24.0,3661.0,43520.0,47181.0,49366,284,962253.0,3028150.0,3990403.0,,,,,,
395,2021-04-08,622,3.0,207.0,52.0,31.0,31.0,3752.0,43795.0,47547.0,49988,287,966005.0,3071945.0,4037950.0,,,,,,
396,2021-04-09,601,0.0,205.0,50.0,31.0,29.0,4495.0,58712.0,63207.0,50589,287,970500.0,3130657.0,4101157.0,,,,,,
397,2021-04-10,446,4.0,204.0,52.0,32.0,30.0,4401.0,44913.0,49314.0,51035,291,974901.0,3175570.0,4150471.0,,,,,,
398,2021-04-11,470,0.0,225.0,57.0,33.0,31.0,2546.0,52550.0,55096.0,51505,291,977447.0,3228120.0,4205567.0,,,,,,
399,2021-04-12,528,1.0,225.0,56.0,33.0,28.0,5963.0,52134.0,58097.0,52033,292,983410.0,3280254.0,4263664.0,,,,,,
400,2021-04-13,619,2.0,228.0,63.0,38.0,33.0,5538.0,45718.0,51256.0,52652,294,988948.0,3325972.0,4314920.0,,,,,,
401,2021-04-14,602,4.0,232.0,63.0,37.0,32.0,4163.0,46124.0,50287.0,53254,298,993111.0,3372096.0,4365207.0,,,,,,
402,2021-04-15,690,7.0,251.0,64.0,39.0,34.0,4700.0,46202.0,50902.0,53944,305,997811.0,3418298.0,4416109.0,,,,,,
403,2021-04-16,677,1.0,270.0,63.0,37.0,31.0,4956.0,64112.0,69068.0,54621,306,1002767.0,3482410.0,4485177.0,,,,,,
404,2021-04-17,786,4.0,270.0,65.0,37.0,31.0,6058.0,51080.0,57138.0,55407,310,1008825.0,3533490.0,4542315.0,,,,,,
405,2021-04-18,852,3.0,271.0,67.0,36.0,32.0,5638.0,53404.0,59042.0,56259,313,1014463.0,3586894.0,4601357.0,,,,,,
406,2021-04-19,822,3.0,284.0,68.0,35.0,30.0,5125.0,54641.0,59766.0,57081,316,1019588.0,3641535.0,4661123.0,,,,,,
407,2021-04-20,941,1.0,277.0,68.0,37.0,30.0,6815.0,49953.0,56768.0,58022,317,1026403.0,3691488.0,4717891.0,,,,,,
408,2021-04-21,843,1.0,291.0,71.0,39.0,33.0,4920.0,48104.0,53024.0,58865,318,1031323.0,3739592.0,4770915.0,,,,,,
409,2021-04-22,927,1.0,296.0,74.0,38.0,33.0,6516.0,49050.0,55566.0,59792,319,1037839.0,3788642.0,4826481.0,,,,,,
410,2021-04-23,889,1.0,297.0,70.0,36.0,32.0,6971.0,59663.0,66634.0,60681,320,1044810.0,3848305.0,4893115.0,,,,,,
411,2021-04-24,895,1.0,292.0,70.0,36.0,33.0,7330.0,51129.0,58459.0,61576,321,1052140.0,3899434.0,4951574.0,,,,,,
412,2021-04-25,773,0.0,301.0,74.0,38.0,32.0,3333.0,53529.0,56862.0,62349,321,1055473.0,3952963.0,5008436.0,,,,,,
413,2021-04-26,611,3.0,300.0,78.0,39.0,36.0,8829.0,41772.0,50601.0,62960,324,1064302.0,3994735.0,5059037.0,,,,,,
414,2021-04-27,760,2.0,292.0,73.0,38.0,31.0,8297.0,34580.0,42877.0,63720,326,1072599.0,4029315.0,5101914.0,,,,,,
415,2021-04-28,845,3.0,285.0,75.0,39.0,36.0,6065.0,34746.0,40811.0,64565,329,1078664.0,4064061.0,5142725.0,,,,,,
416,2021-04-29,668,3.0,279.0,75.0,39.0,36.0,6705.0,30620.0,37325.0,65233,332,1085369.0,4094681.0,5180050.0,,,,,,
417,2021-04-30,676,5.0,275.0,70.0,36.0,32.0,6976.0,40645.0,47621.0,65909,337,1092345.0,4135326.0,5227671.0,,,,,,
418,2021-05-01,463,1.0,274.0,71.0,37.0,29.0,7076.0,24601.0,31677.0,66372,338,1099421.0,4159927.0,5259348.0,,,,,,
419,2021-05-02,58,2.0,292.0,72.0,37.0,29.0,6112.0,46.0,6158.0,66430,340,1105533.0,4159973.0,5265506.0,,,,,,
420,2021-05-03,481,7.0,276.0,66.0,33.0,28.0,3865.0,28534.0,32399.0,66911,347,1109398.0,4188507.0,5297905.0,,,,,,
421,2021-05-04,509,5.0,263.0,65.0,32.0,26.0,4537.0,57922.0,62459.0,67420,352,1113935.0,4246429.0,5360364.0,,,,,,
422,2021-05-05,562,2.0,246.0,67.0,32.0,28.0,6001.0,51313.0,57314.0,67982,354,1119936.0,4297742.0,5417678.0,,,,,,
423,2021-05-06,460,1.0,247.0,63.0,33.0,30.0,6432.0,35800.0,42232.0,68442,355,1126368.0,4333542.0,5459910.0,,,,,,
424,2021-05-07,324,4.0,237.0,59.0,32.0,30.0,5920.0,50500.0,56420.0,68766,359,1132288.0,4384042.0,5516330.0,,,,,,
425,2021-05-08,397,2.0,233.0,59.0,34.0,31.0,6067.0,65184.0,71251.0,69163,361,1138355.0,4449226.0,5587581.0,,,,,,
426,2021-05-09,269,2.0,224.0,62.0,35.0,32.0,7110.0,102736.0,109846.0,69432,363,1145465.0,4551962.0,5697427.0,,,,,,
427,2021-05-10,276,1.0,207.0,64.0,34.0,31.0,8373.0,75045.0,83418.0,69708,364,1153838.0,4627007.0,5780845.0,,,,,,
428,2021-05-11,390,2.0,189.0,57.0,36.0,32.0,7113.0,58435.0,65548.0,70098,366,1160951.0,4685442.0,5846393.0,,,,,,
429,2021-05-12,260,2.0,173.0,56.0,35.0,29.0,4550.0,50266.0,54816.0,70358,368,1165501.0,4735708.0,5901209.0,,,,,,
430,2021-05-13,213,1.0,167.0,54.0,34.0,32.0,5079.0,69847.0,74926.0,70571,369,1170580.0,4805555.0,5976135.0,,,,,,
431,2021-05-14,171,4.0,155.0,51.0,28.0,24.0,5195.0,87628.0,92823.0,70742,373,1175775.0,4893183.0,6068958.0,,,,,,
432,2021-05-15,157,0.0,156.0,51.0,31.0,28.0,4966.0,78372.0,83338.0,70899,373,1180741.0,4971555.0,6152296.0,,,,,,
433,2021-05-16,165,0.0,157.0,50.0,31.0,27.0,2047.0,61751.0,63798.0,71064,373,1182788.0,5033306.0,6216094.0,,,,,,
434,2021-05-17,167,2.0,150.0,46.0,32.0,27.0,10564.0,51740.0,62304.0,71231,375,1193352.0,5085046.0,6278398.0,,,,,,
435,2021-05-18,167,1.0,148.0,49.0,33.0,26.0,5194.0,40404.0,45598.0,71398,376,1198546.0,5125450.0,6323996.0,,,,,,
436,2021-05-19,135,0.0,148.0,47.0,33.0,29.0,5015.0,39279.0,44294.0,71533,376,1203561.0,5164729.0,6368290.0,,,,,,
437,2021-05-20,77,2.0,134.0,48.0,31.0,28.0,4651.0,44713.0,49364.0,71610,378,1208212.0,5209442.0,6417654.0,,,,,,
438,2021-05-21,135,2.0,120.0,48.0,32.0,28.0,5700.0,73845.0,79545.0,71745,380,1213912.0,5283287.0,6497199.0,,,,,,
439,2021-05-22,91,1.0,115.0,44.0,30.0,28.0,5051.0,56558.0,61609.0,71836,381,1218963.0,5339845.0,6558808.0,,,,,,
440,2021-05-23,75,1.0,115.0,42.0,30.0,26.0,5146.0,55362.0,60508.0,71911,382,1224109.0,5395207.0,6619316.0,,,,,,
441,2021-05-24,100,3.0,106.0,43.0,32.0,26.0,6742.0,46073.0,52815.0,72011,385,1230851.0,5441280.0,6672131.0,,,,,,
442,2021-05-25,79,2.0,97.0,37.0,29.0,24.0,5035.0,38312.0,43347.0,72090,387,1235886.0,5479592.0,6715478.0,,,,,,
443,2021-05-26,69,1.0,95.0,35.0,27.0,22.0,5554.0,36222.0,41776.0,72159,388,1241440.0,5515814.0,6757254.0,,,,,,
444,2021-05-27,75,1.0,82.0,34.0,24.0,20.0,4403.0,40110.0,44513.0,72234,389,1245843.0,5555924.0,6801767.0,,,,,,
445,2021-05-28,73,3.0,78.0,31.0,23.0,16.0,6209.0,55916.0,62125.0,72307,392,1252052.0,5611840.0,6863892.0,,,,,,
446,2021-05-29,56,0.0,74.0,30.0,23.0,18.0,4764.0,51692.0,56456.0,72363,392,1256816.0,5663532.0,6920348.0,,,,,,
447,2021-05-30,44,1.0,73.0,32.0,23.0,18.0,5210.0,41946.0,47156.0,72407,393,1262026.0,5705478.0,6967504.0,,,,,,
448,2021-05-31,50,1.0,70.0,31.0,22.0,17.0,6373.0,40690.0,47063.0,72457,394,1268399.0,5746168.0,7014567.0,,,,,,
449,2021-06-01,58,0.0,66.0,27.0,19.0,16.0,5963.0,37065.0,43028.0,72515,394,1274362.0,5783233.0,7057595.0,,,,,,
450,2021-06-02,58,1.0,57.0,22.0,16.0,14.0,4813.0,34755.0,39568.0,72573,395,1279175.0,5817988.0,7097163.0,,,,,,
451,2021-06-03,53,2.0,58.0,21.0,15.0,12.0,5325.0,37838.0,43163.0,72626,397,1284500.0,5855826.0,7140326.0,,,,,,
452,2021-06-04,83,1.0,52.0,18.0,13.0,11.0,6389.0,47828.0,54217.0,72709,398,1290889.0,5903654.0,7194543.0,,,,,,
453,2021-06-05,41,0.0,45.0,18.0,12.0,11.0,4906.0,44556.0,49462.0,72750,398,1295795.0,5948210.0,7244005.0,,,,,,
454,2021-06-06,29,0.0,50.0,17.0,13.0,12.0,5363.0,40913.0,46276.0,72779,398,1301158.0,5989123.0,7290281.0,,,,,,
455,2021-06-07,80,2.0,47.0,18.0,12.0,11.0,7271.0,39340.0,46611.0,72859,400,1308429.0,6028463.0,7336892.0,,,,,,
456,2021-06-08,60,1.0,45.0,19.0,11.0,9.0,5029.0,33406.0,38435.0,72919,401,1313458.0,6061869.0,7375327.0,,,,,,
457,2021-06-09,77,2.0,43.0,16.0,10.0,8.0,4956.0,34168.0,39124.0,72996,403,1318414.0,6096037.0,7414451.0,,,,,,
458,2021-06-10,59,4.0,47.0,17.0,11.0,9.0,5210.0,32454.0,37664.0,73055,407,1323624.0,6128491.0,7452115.0,,,,,,
459,2021-06-11,60,1.0,38.0,15.0,9.0,8.0,6314.0,47550.0,53864.0,73115,408,1329938.0,6176041.0,7505979.0,,,,,,
460,2021-06-12,42,1.0,33.0,13.0,8.0,6.0,5044.0,38458.0,43502.0,73157,409,1334982.0,6214499.0,7549481.0,,,,,,
461,2021-06-13,33,1.0,32.0,12.0,8.0,8.0,5572.0,37579.0,43151.0,73190,410,1340554.0,6252078.0,7592632.0,,,,,,
462,2021-06-14,57,1.0,30.0,11.0,8.0,8.0,5948.0,33904.0,39852.0,73247,411,1346502.0,6285982.0,7632484.0,,,,,,
463,2021-06-15,64,0.0,32.0,9.0,8.0,6.0,5788.0,29941.0,35729.0,73311,411,1352290.0,6315923.0,7668213.0,,,,,,
464,2021-06-16,68,0.0,38.0,12.0,8.0,6.0,4728.0,26396.0,31124.0,73379,411,1357018.0,6342319.0,7699337.0,,,,,,
465,2021-06-17,65,0.0,41.0,15.0,9.0,8.0,6903.0,27254.0,34157.0,73444,411,1363921.0,6369573.0,7733494.0,,,,,,
466,2021-06-18,76,0.0,45.0,18.0,11.0,10.0,6844.0,35047.0,41891.0,73520,411,1370765.0,6404620.0,7775385.0,,,,,,
467,2021-06-19,62,0.0,44.0,21.0,10.0,9.0,5337.0,35889.0,41226.0,73582,411,1376102.0,6440509.0,7816611.0,,,,,,
468,2021-06-20,61,0.0,46.0,22.0,10.0,10.0,5832.0,24778.0,30610.0,73643,411,1381934.0,6465287.0,7847221.0,,,,,,
469,2021-06-21,67,0.0,46.0,19.0,11.0,10.0,4944.0,16306.0,21250.0,73710,411,1386878.0,6481593.0,7868471.0,,,,,,
470,2021-06-22,122,0.0,47.0,19.0,11.0,9.0,6289.0,31385.0,37674.0,73832,411,1393167.0,6512978.0,7906145.0,,,,,,
471,2021-06-23,167,0.0,43.0,19.0,11.0,10.0,4876.0,28537.0,33413.0,73999,411,1398043.0,6541515.0,7939558.0,,,,,,
472,2021-06-24,175,0.0,47.0,19.0,11.0,10.0,5874.0,28553.0,34427.0,74174,411,1403917.0,6570068.0,7973985.0,,,,,,
473,2021-06-25,169,0.0,41.0,17.0,11.0,9.0,5222.0,37438.0,42660.0,74343,411,1409139.0,6607506.0,8016645.0,,,,,,
474,2021-06-26,226,0.0,43.0,18.0,11.0,10.0,5777.0,36032.0,41809.0,74569,411,1414916.0,6643538.0,8058454.0,,,,,,
475,2021-06-27,216,0.0,50.0,18.0,10.0,8.0,5276.0,33511.0,38787.0,74785,411,1420192.0,6677049.0,8097241.0,,,,,,
476,2021-06-28,314,0.0,54.0,17.0,9.0,7.0,6221.0,31325.0,37546.0,75099,411,1426413.0,6708374.0,8134787.0,,,,,,
477,2021-06-29,332,0.0,59.0,20.0,9.0,6.0,4918.0,44823.0,49741.0,75431,411,1431331.0,6753197.0,8184528.0,,,,,,
478,2021-06-30,429,0.0,54.0,20.0,9.0,6.0,5219.0,31020.0,36239.0,75860,411,1436550.0,6784217.0,8220767.0,,,,,,
479,2021-07-01,473,0.0,59.0,18.0,9.0,6.0,6812.0,30638.0,37450.0,76333,411,1443362.0,6814855.0,8258217.0,,,,,,
480,2021-07-02,529,0.0,54.0,20.0,10.0,7.0,6531.0,38681.0,45212.0,76862,411,1449893.0,6853536.0,8303429.0,,,,,,
481,2021-07-03,583,0.0,63.0,21.0,10.0,8.0,6038.0,42320.0,48358.0,77445,411,1455931.0,6895856.0,8351787.0,,,,,,
482,2021-07-04,577,1.0,71.0,19.0,13.0,9.0,6498.0,39350.0,45848.0,78022,412,1462429.0,6935206.0,8397635.0,,,,,,
483,2021-07-05,787,1.0,88.0,23.0,13.0,9.0,6613.0,37065.0,43678.0,78809,413,1469042.0,6972271.0,8441313.0,,,,,,
484,2021-07-06,827,0.0,89.0,26.0,12.0,10.0,6131.0,35475.0,41606.0,79636,413,1475173.0,7007746.0,8482919.0,,,,,,
485,2021-07-07,952,0.0,93.0,27.0,12.0,10.0,6144.0,37901.0,44045.0,80588,413,1481317.0,7045647.0,8526964.0,,,,,,
486,2021-07-08,993,0.0,107.0,28.0,11.0,10.0,7924.0,41108.0,49032.0,81581,413,1489241.0,7086755.0,8575996.0,,,,,,
487,2021-07-09,882,0.0,117.0,30.0,13.0,12.0,6873.0,55288.0,62161.0,82463,413,1496114.0,7142043.0,8638157.0,,,,,,
488,2021-07-10,960,0.0,125.0,32.0,14.0,13.0,8097.0,61213.0,69310.0,83423,413,1504211.0,7203256.0,8707467.0,,,,,,
489,2021-07-11,849,0.0,139.0,34.0,14.0,13.0,5614.0,58051.0,63665.0,84272,413,1509825.0,7261307.0,8771132.0,,,,,,
490,2021-07-12,832,0.0,153.0,40.0,17.0,16.0,6365.0,53399.0,59764.0,85104,413,1516190.0,7314706.0,8830896.0,,,,,,
491,2021-07-13,1081,3.0,159.0,41.0,19.0,18.0,7589.0,55309.0,62898.0,86185,416,1523779.0,7370015.0,8893794.0,,,,,,
492,2021-07-14,1120,2.0,165.0,40.0,18.0,16.0,6136.0,56520.0,62656.0,87305,418,1529915.0,7426535.0,8956450.0,,,,,,
493,2021-07-15,1152,1.0,181.0,48.0,19.0,18.0,9903.0,57302.0,67205.0,88457,419,1539818.0,7483837.0,9023655.0,,,,,,
494,2021-07-16,953,1.0,190.0,44.0,19.0,19.0,8260.0,64751.0,73011.0,89410,420,1548078.0,7548588.0,9096666.0,,89.5,10.5,190.0,170.05,19.95
495,2021-07-17,928,1.0,203.0,54.0,20.0,20.0,7032.0,65842.0,72874.0,90338,421,1555110.0,7614430.0,9169540.0,,90.2,9.8,203.0,183.10600000000002,19.894000000000002
496,2021-07-18,858,1.0,218.0,55.0,21.0,20.0,6755.0,64054.0,70809.0,91196,422,1561865.0,7678484.0,9240349.0,,91.3,8.7,218.0,199.034,18.965999999999998
497,2021-07-19,1056,5.0,228.0,56.0,22.0,22.0,7483.0,61981.0,69464.0,92252,427,1569348.0,7740465.0,9309813.0,,91.2,8.8,228.0,207.93600000000004,20.064
498,2021-07-20,995,1.0,231.0,59.0,23.0,23.0,7704.0,59627.0,67331.0,93247,428,1577052.0,7800092.0,9377144.0,,90.0,10.0,231.0,207.9,23.1
499,2021-07-21,1014,4.0,243.0,63.0,26.0,26.0,7537.0,65561.0,73098.0,94261,432,1584589.0,7865653.0,9450242.0,,92.2,7.8,243.0,224.04600000000002,18.953999999999997
500,2021-07-22,1046,5.0,264.0,68.0,29.0,28.0,8298.0,80890.0,89188.0,95307,437,1592887.0,7946543.0,9539430.0,,90.2,9.8,264.0,238.128,25.872000000000003
501,2021-07-23,895,0.0,254.0,63.0,29.0,29.0,9001.0,67272.0,76273.0,96202,437,1601888.0,8013815.0,9615703.0,,88.2,11.8,254.0,224.028,29.972
502,2021-07-24,789,3.0,259.0,69.0,31.0,28.0,5812.0,68386.0,74198.0,96991,440,1607700.0,8082201.0,9689901.0,,88.0,12.0,259.0,227.92,31.08
503,2021-07-25,727,2.0,276.0,71.0,34.0,32.0,7011.0,66042.0,73053.0,97718,442,1614711.0,8148243.0,9762954.0,,88.8,11.2,276.0,245.088,30.912
504,2021-07-26,851,2.0,270.0,76.0,33.0,31.0,8272.0,63687.0,71959.0,98569,444,1622983.0,8211930.0,9834913.0,,85.5,14.5,270.0,230.85,39.15
505,2021-07-27,791,6.0,292.0,80.0,38.0,34.0,6693.0,58370.0,65063.0,99360,450,1629676.0,8270300.0,9899976.0,,88.0,12.0,292.0,256.96,35.04
506,2021-07-28,769,3.0,286.0,83.0,42.0,40.0,6616.0,64062.0,70678.0,100129,453,1636292.0,8334362.0,9970654.0,,88.8,11.2,286.0,253.968,32.032
507,2021-07-29,655,4.0,283.0,83.0,41.0,39.0,7425.0,60805.0,68230.0,100784,457,1643717.0,8395167.0,10038884.0,,88.3,11.7,283.0,249.88899999999998,33.111
508,2021-07-30,635,3.0,279.0,85.0,38.0,36.0,7603.0,66519.0,74122.0,101419,460,1651320.0,8461686.0,10113006.0,,90.0,10.0,279.0,251.1,27.9
509,2021-07-31,527,3.0,288.0,82.0,41.0,39.0,7227.0,87052.0,94279.0,101946,463,1658547.0,8548738.0,10207285.0,,91.13,8.87,288.0,262.45439999999996,25.5456
510,2021-08-01,277,1.0,301.0,86.0,45.0,42.0,6218.0,17036.0,23254.0,102223,464,1664765.0,8565774.0,10230539.0,,89.85,10.15,301.0,270.44849999999997,30.5515
511,2021-08-02,493,4.0,287.0,88.0,43.0,36.0,7786.0,25797.0,33583.0,102716,468,1672551.0,8591571.0,10264122.0,,88.62,11.38,287.0,254.3394,32.6606
512,2021-08-03,598,4.0,289.0,98.0,49.0,40.0,9204.0,52385.0,61589.0,103314,472,1681755.0,8643956.0,10325711.0,,89.28,10.72,289.0,258.0192,30.980800000000002
513,2021-08-04,575,2.0,273.0,90.0,49.0,41.0,6814.0,54648.0,61462.0,103889,474,1688569.0,8698604.0,10387173.0,,89.02,10.98,273.0,243.0246,29.9754
514,2021-08-05,580,3.0,293.0,96.0,50.0,45.0,8661.0,27480.0,36141.0,104469,477,1697230.0,8726084.0,10423314.0,,89.77,10.23,293.0,263.0261,29.973900000000004
515,2021-08-06,525,4.0,292.0,96.0,51.0,48.0,7385.0,51893.0,59278.0,104994,481,1704615.0,8777977.0,10482592.0,,90.07,9.93000000000001,292.0,263.0044,28.99560000000003
516,2021-08-07,599,1.0,285.0,95.0,52.0,50.0,7194.0,54689.0,61883.0,105593,482,1711809.0,8832666.0,10544475.0,,90.53,9.47,285.0,258.0105,26.989500000000003
517,2021-08-08,389,4.0,286.0,96.0,57.0,54.0,7069.0,28127.0,35196.0,105982,486,1718878.0,8860793.0,10579671.0,,89.87,10.13,286.0,257.02819999999997,28.9718
518,2021-08-09,446,3.0,278.0,98.0,52.0,50.0,6961.0,35466.0,42427.0,106428,489,1725839.0,8896259.0,10622098.0,,88.13,11.87,278.0,245.0014,32.998599999999996
519,2021-08-10,573,3.0,263.0,87.0,52.0,50.0,6364.0,56191.0,62555.0,107001,492,1732203.0,8952450.0,10684653.0,,87.55,12.45,263.0,230.2565,32.7435
520,2021-08-11,484,7.0,264.0,92.0,55.0,51.0,6726.0,47523.0,54249.0,107485,499,1738929.0,8999973.0,10738902.0,,84.1,15.9,264.0,222.02399999999997,41.976000000000006
521,2021-08-12,402,6.0,276.0,95.0,55.0,51.0,6806.0,46678.0,53484.0,107887,505,1745735.0,9046651.0,10792386.0,,84.43,15.57,276.0,233.0268,42.9732
522,2021-08-13,419,3.0,259.0,92.0,52.0,45.0,6344.0,47829.0,54173.0,108306,508,1752079.0,9094480.0,10846559.0,,83.1,16.9,259.0,215.22899999999998,43.770999999999994
523,2021-08-14,401,1.0,244.0,87.0,51.0,47.0,6857.0,47639.0,54496.0,108707,509,1758936.0,9142119.0,10901055.0,,81.97,18.03,244.0,200.0068,43.99320000000001
524,2021-08-15,165,1.0,240.0,84.0,49.0,46.0,6164.0,7844.0,14008.0,108872,510,1765100.0,9149963.0,10915063.0,,82.09,17.91,240.0,197.01600000000002,42.983999999999995
525,2021-08-16,381,6.0,234.0,85.0,47.0,46.0,5980.0,38394.0,44374.0,109253,516,1771080.0,9188357.0,10959437.0,,81.2,18.8,234.0,190.00799999999998,43.992
526,2021-08-17,412,3.0,232.0,92.0,52.0,51.0,6388.0,55002.0,61390.0,109665,519,1777468.0,9243359.0,11020827.0,,81.1,18.9,232.0,188.15199999999996,43.84799999999999
527,2021-08-18,433,3.0,223.0,90.0,52.0,47.0,5927.0,38548.0,44475.0,110098,522,1783395.0,9281907.0,11065302.0,,81.17,18.83,223.0,181.0091,41.99089999999999
528,2021-08-19,420,4.0,208.0,85.0,50.0,45.0,6646.0,41574.0,48220.0,110518,526,1790041.0,9323481.0,11113522.0,,82.22,17.78,208.0,171.0176,36.982400000000005
529,2021-08-20,311,6.0,201.0,77.0,49.0,45.0,7075.0,40985.0,48060.0,110829,532,1797116.0,9364466.0,11161582.0,,83.09,16.91,201.0,167.0109,33.9891
530,2021-08-21,311,3.0,194.0,70.0,43.0,37.0,7368.0,44131.0,51499.0,111140,535,1804484.0,9408597.0,11213081.0,,82.48,17.52,194.0,160.0112,33.9888
531,2021-08-22,193,6.0,194.0,76.0,44.0,37.0,6384.0,25707.0,32091.0,111333,541,1810868.0,9434304.0,11245172.0,,82.99,17.01,194.0,161.0006,32.99940000000001
532,2021-08-23,333,2.0,196.0,75.0,44.0,38.0,6258.0,45741.0,51999.0,111666,543,1817126.0,9480045.0,11297171.0,,82.66,17.34,196.0,162.0136,33.986399999999996
533,2021-08-24,355,2.0,184.0,72.0,42.0,35.0,7640.0,44814.0,52454.0,112021,545,1824766.0,9524859.0,11349625.0,,84.79,15.21,184.0,156.0136,27.986400000000003
534,2021-08-25,257,0.0,181.0,75.0,41.0,37.0,5536.0,34042.0,39578.0,112278,545,1830302.0,9558901.0,11389203.0,,86.19,13.81,181.0,156.0039,24.996100000000002
535,2021-08-26,254,5.0,178.0,72.0,38.0,31.0,5367.0,40015.0,45382.0,112532,550,1835669.0,9598916.0,11434585.0,,86.52,13.48,178.0,154.0056,23.9944
536,2021-08-27,324,6.0,159.0,66.0,30.0,25.0,6061.0,28426.0,34487.0,112856,555,1841730.0,9627342.0,11469072.0,database update resulted to -1 death,83.02,16.98,159.0,132.00179999999997,26.9982
537,2021-08-28,213,2.0,152.0,59.0,28.0,24.0,5919.0,41803.0,47722.0,113069,557,1847649.0,9669145.0,11516794.0,,82.9,17.1,152.0,126.00800000000001,25.992000000000004
538,2021-08-29,208,3.0,157.0,61.0,27.0,24.0,5191.0,24836.0,30027.0,113277,560,1852840.0,9693981.0,11546821.0,,84.08,15.92,157.0,132.0056,24.9944
539,2021-08-30,311,2.0,143.0,58.0,24.0,20.0,6575.0,47002.0,53577.0,113588,562,1859415.0,9740983.0,11600398.0,,83.22,16.78,143.0,119.0046,23.9954
540,2021-08-31,287,2.0,138.0,54.0,25.0,22.0,6424.0,43917.0,50341.0,113875,564,1865839.0,9784900.0,11650739.0,,78.99,21.01,138.0,109.00619999999999,28.9938
541,2021-09-01,256,5.0,137.0,49.0,23.0,18.0,5570.0,39350.0,44920.0,114131,569,1871409.0,9824250.0,11695659.0,,81.76,18.24,137.0,112.0112,24.988799999999998
542,2021-09-02,235,1.0,134.0,45.0,23.0,19.0,4910.0,47848.0,52758.0,114366,570,1876319.0,9872098.0,11748417.0,,79.11,20.89,134.0,106.0074,27.992600000000003
543,2021-09-03,238,4.0,133.0,44.0,22.0,16.0,6350.0,53619.0,59969.0,116326,574,1882669.0,9925717.0,11808386.0,database update resulted to +1722 cases,81.96,18.04,133.0,109.00679999999998,23.993199999999998
544,2021-09-04,295,1.0,133.0,43.0,23.0,18.0,5956.0,49536.0,55492.0,116621,575,1888625.0,9975253.0,11863878.0,,84.22,15.78,133.0,112.0126,20.987399999999997
545,2021-09-05,147,3.0,143.0,46.0,20.0,15.0,4994.0,24839.0,29833.0,116768,578,1893619.0,10000092.0,11893711.0,,81.82,18.18,143.0,117.00259999999999,25.9974
546,2021-09-06,223,1.0,139.0,41.0,22.0,17.0,6237.0,67855.0,74092.0,116991,579,1899856.0,10067947.0,11967803.0,,82.74,17.26,139.0,115.00859999999999,23.991400000000002
547,2021-09-07,206,2.0,141.0,39.0,21.0,18.0,5627.0,40085.0,45712.0,117197,581,1905483.0,10108032.0,12013515.0,,80.15,19.85,141.0,113.01150000000001,27.988500000000002
548,2021-09-08,182,5.0,131.0,34.0,19.0,16.0,5454.0,43134.0,48588.0,117379,586,1910937.0,10151166.0,12062103.0,,80.92,19.08,131.0,106.0052,24.994799999999994
549,2021-09-09,174,3.0,119.0,37.0,18.0,16.0,4796.0,52160.0,56956.0,117553,589,1915733.0,10203326.0,12119059.0,,80.68,19.32,119.0,96.0092,22.9908
550,2021-09-10,142,1.0,117.0,41.0,19.0,17.0,6367.0,50301.0,56668.0,117695,590,1922100.0,10253627.0,12175727.0,,81.2,18.8,117.0,95.00399999999999,21.996
551,2021-09-11,136,2.0,106.0,43.0,18.0,16.0,4584.0,66044.0,70628.0,117831,592,1926684.0,10319671.0,12246355.0,,83.97,16.03,106.0,89.0082,16.9918
552,2021-09-12,100,0.0,112.0,45.0,20.0,20.0,5370.0,38108.0,43478.0,117931,592,1932054.0,10357779.0,12289833.0,,83.93,16.07,112.0,94.0016,17.9984
553,2021-09-13,159,4.0,107.0,45.0,20.0,19.0,5111.0,71802.0,76913.0,118090,596,1937165.0,10429581.0,12366746.0,,82.25,17.75,107.0,88.0075,18.9925
554,2021-09-14,126,2.0,103.0,43.0,20.0,18.0,3792.0,24744.0,28536.0,118216,598,1940957.0,10454325.0,12395282.0,,79.62,20.38,103.0,82.0086,20.9914
555,2021-09-15,230,1.0,108.0,43.0,21.0,19.0,5913.0,69732.0,75645.0,118446,599,1946870.0,10524057.0,12470927.0,,75.0,25.0,108.0,81.0,27.0
556,2021-09-16,124,1.0,97.0,41.0,18.0,18.0,2521.0,48734.0,51255.0,118570,600,1949391.0,10572791.0,12522182.0,,75.0,25.0,97.0,72.75,24.25
557,2021-09-17,153,0.0,89.0,36.0,17.0,15.0,8770.0,55520.0,64290.0,118723,600,1958161.0,10628311.0,12586472.0,,74.16,25.84,89.0,66.0024,22.9976
558,2021-09-18,140,2.0,96.0,39.0,18.0,17.0,5242.0,48230.0,53472.0,118863,602,1963403.0,10676541.0,12639944.0,,76.05,23.95,96.0,73.008,22.991999999999997
559,2021-09-19,94,0.0,98.0,39.0,17.0,17.0,4734.0,35852.0,40586.0,118957,602,1968137.0,10712393.0,12680530.0,,78.58,21.42,98.0,77.0084,20.991600000000002
560,2021-09-20,156,1.0,93.0,40.0,17.0,14.0,6094.0,58380.0,64474.0,119113,603,1974231.0,10770773.0,12745004.0,,76.35,23.65,93.0,71.0055,21.9945
561,2021-09-21,117,0.0,94.0,39.0,18.0,16.0,5904.0,48031.0,53935.0,119230,603,1980135.0,10818804.0,12798939.0,,73.41,26.59,94.0,69.0054,24.994600000000002
562,2021-09-22,106,0.0,89.0,40.0,17.0,15.0,5539.0,45040.0,50579.0,119336,603,1985674.0,10863844.0,12849518.0,,74.16,25.84,89.0,66.0024,22.9976
563,2021-09-23,145,2.0,80.0,34.0,16.0,12.0,5561.0,51763.0,57324.0,119481,605,1991235.0,10915607.0,12906842.0,,74.12,25.88,80.0,59.29600000000001,20.704
564,2021-09-24,109,0.0,77.0,34.0,16.0,14.0,5643.0,54635.0,60278.0,119590,605,1996878.0,10970242.0,12967120.0,,76.83,23.17,77.0,59.159099999999995,17.8409
565,2021-09-25,99,1.0,78.0,32.0,15.0,14.0,4816.0,47611.0,52427.0,119689,606,2001694.0,11017853.0,13019547.0,,78.32,21.68,78.0,61.08959999999999,16.9104
566,2021-09-26,78,2.0,79.0,29.0,16.0,14.0,4900.0,35566.0,40466.0,119767,608,2006594.0,11053419.0,13060013.0,,76.2,23.8,79.0,60.198,18.802
567,2021-09-27,136,0.0,81.0,33.0,16.0,15.0,6351.0,59475.0,65826.0,119903,608,2012945.0,11112894.0,13125839.0,,74.42,25.58,81.0,60.28020000000001,20.7198
568,2021-09-28,117,0.0,84.0,34.0,17.0,15.0,5342.0,46631.0,51973.0,120020,608,2018287.0,11159525.0,13177812.0,,74.72,25.28,84.0,62.764799999999994,21.2352
569,2021-09-29,123,0.0,81.0,35.0,17.0,14.0,4773.0,41574.0,46347.0,120143,608,2023060.0,11201099.0,13224159.0,,67.86,32.14,81.0,54.9666,26.0334
570,2021-09-30,129,0.0,79.0,34.0,17.0,14.0,5339.0,56956.0,62295.0,120272,608,2028399.0,11258055.0,13286454.0,,66.27,33.73,79.0,52.3533,26.646699999999996
571,2021-10-01,59,2.0,73.0,30.0,15.0,12.0,4534.0,22118.0,26652.0,120331,610,2032933.0,11280173.0,13313106.0,,61.85,38.15,73.0,45.1505,27.8495
572,2021-10-02,84,0.0,73.0,31.0,17.0,15.0,4529.0,50547.0,55076.0,120415,610,2037462.0,11330720.0,13368182.0,,60.53,39.47,73.0,44.18690000000001,28.8131
573,2021-10-03,83,0.0,68.0,27.0,14.0,12.0,5565.0,37107.0,42672.0,120498,610,2043027.0,11367827.0,13410854.0,,60.28,39.72,68.0,40.9904,27.0096
574,2021-10-04,117,2.0,65.0,24.0,14.0,13.0,5799.0,58024.0,63823.0,120615,612,2048826.0,11425851.0,13474677.0,,56.53,43.47,65.0,36.7445,28.255499999999998
575,2021-10-05,146,1.0,61.0,25.0,14.0,13.0,5209.0,48401.0,53610.0,120761,613,2054035.0,11474252.0,13528287.0,,56.93,43.07,61.0,34.7273,26.2727
576,2021-10-06,100,1.0,59.0,21.0,14.0,13.0,4436.0,42489.0,46925.0,120861,614,2058471.0,11516741.0,13575212.0,,58.74,41.26,59.0,34.656600000000005,24.343399999999995
577,2021-10-07,131,0.0,60.0,22.0,13.0,12.0,4916.0,51591.0,56507.0,120992,614,2063387.0,11568332.0,13631719.0,,56.67,43.33,60.0,34.002,25.997999999999998
578,2021-10-08,144,0.0,64.0,20.0,13.0,11.0,5207.0,50206.0,55413.0,121136,614,2068594.0,11618538.0,13687132.0,,59.38,40.62,64.0,38.0032,25.996799999999997
579,2021-10-09,134,0.0,60.0,23.0,12.0,11.0,4606.0,41440.0,46046.0,121270,614,2073200.0,11659978.0,13733178.0,,60.0,40.0,60.0,36.0,24.0
580,2021-10-10,94,1.0,60.0,22.0,12.0,11.0,4809.0,33993.0,38802.0,121364,615,2078009.0,11693971.0,13771980.0,,60.0,40.0,60.0,36.0,24.0
581,2021-10-11,170,1.0,58.0,22.0,11.0,10.0,5843.0,58161.0,64004.0,121534,616,2083852.0,11752132.0,13835984.0,,62.07,37.93,58.0,36.0006,21.9994
582,2021-10-12,166,1.0,60.0,23.0,11.0,10.0,4533.0,48742.0,53275.0,121700,617,2088385.0,11800874.0,13889259.0,,60.94,39.06,60.0,36.56399999999999,23.436000000000003
583,2021-10-13,142,0.0,63.0,25.0,11.0,9.0,4548.0,41597.0,46145.0,121842,617,2092933.0,11842471.0,13935404.0,,62.69,37.31,63.0,39.494699999999995,23.505300000000002
584,2021-10-14,153,0.0,60.0,22.0,10.0,9.0,4559.0,49549.0,54108.0,121995,617,2097492.0,11892020.0,13989512.0,,65.08,34.92,60.0,39.047999999999995,20.952
585,2021-10-15,142,0.0,56.0,24.0,10.0,10.0,5070.0,48731.0,53801.0,122137,617,2102562.0,11940751.0,14043313.0,,64.41,35.59,56.0,36.0696,19.930400000000002
586,2021-10-16,126,2.0,51.0,20.0,10.0,10.0,3976.0,40484.0,44460.0,122263,619,2106538.0,11981235.0,14087773.0,,66.67,33.33,51.0,34.0017,16.9983
587,2021-10-17,99,1.0,55.0,21.0,10.0,10.0,5095.0,33532.0,38627.0,122362,620,2111633.0,12014767.0,14126400.0,,63.8,36.2,55.0,35.09,19.910000000000004
588,2021-10-18,166,2.0,57.0,23.0,10.0,10.0,5934.0,61020.0,66954.0,122528,622,2117567.0,12075787.0,14193354.0,,60.0,40.0,57.0,34.2,22.8
589,2021-10-19,181,0.0,61.0,22.0,12.0,11.0,4726.0,48068.0,52794.0,122709,622,2122293.0,12123855.0,14246148.0,,61.3,38.7,61.0,37.393,23.607000000000003
590,2021-10-20,143,2.0,64.0,24.0,12.0,11.0,3771.0,42596.0,46367.0,122852,624,2126064.0,12166451.0,14292515.0,,60.0,40.0,64.0,38.4,25.6
591,2021-10-21,144,0.0,58.0,24.0,11.0,9.0,4387.0,51035.0,55422.0,122996,624,2130451.0,12217486.0,14347937.0,,55.18,44.82,58.0,32.004400000000004,25.9956
592,2021-10-22,175,1.0,57.0,23.0,10.0,8.0,5385.0,49633.0,55018.0,123171,625,2135836.0,12267119.0,14402955.0,,59.65,40.35,57.0,34.000499999999995,22.9995
593,2021-10-23,97,1.0,63.0,22.0,11.0,9.0,4314.0,41242.0,45556.0,123268,626,2140150.0,12308361.0,14448511.0,,60.66,39.34,63.0,38.2158,24.784200000000002
594,2021-10-24,89,0.0,63.0,21.0,10.0,8.0,4710.0,33429.0,38139.0,123357,626,2144860.0,12341790.0,14486650.0,,55.56,44.44,63.0,35.0028,27.9972
595,2021-10-25,189,3.0,59.0,20.0,9.0,7.0,5537.0,55461.0,60998.0,123546,629,2150397.0,12397251.0,14547648.0,,55.94,44.06,59.0,33.0046,25.9954
596,2021-10-26,162,0.0,57.0,18.0,10.0,6.0,4228.0,47664.0,51892.0,123708,629,2154625.0,12444915.0,14599540.0,,63.16,36.84,57.0,36.0012,20.998800000000003
597,2021-10-27,200,1.0,56.0,18.0,11.0,8.0,4340.0,50803.0,55143.0,123908,630,2158965.0,12495718.0,14654683.0,,55.36,44.64,56.0,31.0016,24.9984
598,2021-10-28,109,0.0,59.0,18.0,10.0,8.0,3242.0,20951.0,24193.0,124017,630,2162207.0,12516669.0,14678876.0,,57.63,42.37,59.0,34.0017,24.9983
599,2021-10-29,160,0.0,60.0,22.0,10.0,6.0,5028.0,52710.0,57738.0,124177,630,2167235.0,12569379.0,14736614.0,,65.0,35.0,60.0,39.0,21.0
600,2021-10-30,155,3.0,58.0,21.0,9.0,7.0,3682.0,42915.0,46597.0,124332,633,2170917.0,12612294.0,14783211.0,,63.8,36.2,58.0,37.004,20.996000000000002
601,2021-10-31,112,0.0,61.0,20.0,8.0,5.0,4360.0,34194.0,38554.0,124444,633,2175277.0,12646488.0,14821765.0,,62.3,37.7,61.0,38.003,22.997000000000003
602,2021-11-01,280,0.0,68.0,25.0,9.0,6.0,5598.0,60350.0,65948.0,124724,633,2180875.0,12706838.0,14887713.0,,63.24,36.76,68.0,43.0032,24.996799999999997
603,2021-11-02,249,1.0,70.0,26.0,8.0,5.0,4718.0,47420.0,52138.0,124973,634,2185593.0,12754258.0,14939851.0,,60.0,40.0,70.0,42.0,28.0
604,2021-11-03,188,0.0,67.0,24.0,8.0,6.0,3840.0,45228.0,49068.0,125161,634,2189433.0,12799486.0,14988919.0,,68.36,31.64,67.0,45.8012,21.198800000000002
605,2021-11-04,252,0.0,73.0,27.0,9.0,6.0,4062.0,51445.0,55507.0,125413,634,2193495.0,12850931.0,15044426.0,,67.13,32.87,73.0,49.0049,23.995099999999997
606,2021-11-05,227,0.0,73.0,27.0,10.0,8.0,4827.0,51403.0,56230.0,125640,634,2198322.0,12902334.0,15100656.0,,66.67,33.33,73.0,48.6691,24.330899999999996
607,2021-11-06,174,1.0,74.0,23.0,8.0,7.0,3891.0,42266.0,46157.0,125814,635,2202213.0,12944600.0,15146813.0,,66.24,33.76,74.0,49.017599999999995,24.9824
608,2021-11-07,133,0.0,69.0,23.0,9.0,7.0,3286.0,36161.0,39447.0,125947,635,2205499.0,12980761.0,15186260.0,,66.18,33.82,69.0,45.6642,23.3358
609,2021-11-08,284,0.0,67.0,22.0,9.0,8.0,4474.0,62875.0,67349.0,126231,635,2209973.0,13043636.0,15253609.0,,65.68,34.32,67.0,44.0056,22.9944
610,2021-11-09,266,0.0,71.0,22.0,8.0,6.0,4631.0,52542.0,57173.0,126497,635,2214604.0,13096178.0,15310782.0,,63.39,36.61,71.0,45.006899999999995,25.9931
611,2021-11-10,275,1.0,72.0,24.0,9.0,7.0,4342.0,46824.0,51166.0,126772,636,2218946.0,13143002.0,15361948.0,,65.28,34.72,72.0,47.001599999999996,24.9984
612,2021-11-11,264,0.0,80.0,32.0,12.0,9.0,4154.0,54175.0,58329.0,127036,636,2223100.0,13197177.0,15420277.0,,62.5,37.5,80.0,50.0,30.0
613,2021-11-12,224,1.0,82.0,34.0,11.0,8.0,4491.0,53829.0,58320.0,127260,637,2227591.0,13251006.0,15478597.0,,64.64,35.36,82.0,53.0048,28.9952
614,2021-11-13,218,0.0,82.0,32.0,12.0,10.0,4342.0,44086.0,48428.0,127478,637,2231933.0,13295092.0,15527025.0,,62.2,37.8,82.0,51.004000000000005,30.996
615,2021-11-14,206,0.0,85.0,39.0,13.0,11.0,3598.0,36700.0,40298.0,127684,637,2235531.0,13331792.0,15567323.0,,64.71,35.29,85.0,55.003499999999995,29.9965
616,2021-11-15,354,0.0,88.0,39.0,14.0,13.0,4219.0,62477.0,66696.0,128038,637,2239750.0,13394269.0,15634019.0,,67.05,32.95,88.0,59.004,28.996000000000002
617,2021-11-16,386,0.0,88.0,38.0,17.0,15.0,5103.0,54627.0,59730.0,128424,637,2244853.0,13448896.0,15693749.0,,62.5,37.5,88.0,55.0,33.0
618,2021-11-17,346,0.0,81.0,37.0,17.0,15.0,4757.0,49075.0,53832.0,128770,637,2249610.0,13497971.0,15747581.0,,60.5,39.5,81.0,49.005,31.995
619,2021-11-18,388,1.0,86.0,34.0,16.0,15.0,4099.0,57231.0,61330.0,129158,638,2253709.0,13555202.0,15808911.0,,60.47,39.53,86.0,52.0042,33.9958
620,2021-11-19,475,0.0,85.0,36.0,17.0,15.0,4747.0,56973.0,61720.0,129633,638,2258456.0,13612175.0,15870631.0,,63.53,36.47,85.0,54.0005,30.999499999999998
621,2021-11-20,255,1.0,92.0,35.0,17.0,15.0,3458.0,47522.0,50980.0,129888,639,2261914.0,13659697.0,15921611.0,,60.87,39.13,92.0,56.0004,35.9996
622,2021-11-21,212,0.0,105.0,35.0,18.0,15.0,3443.0,40378.0,43821.0,130100,639,2265357.0,13700075.0,15965432.0,,61.91,38.09,105.0,65.0055,39.9945
623,2021-11-22,491,0.0,106.0,32.0,17.0,15.0,4564.0,78591.0,83155.0,130591,639,2269921.0,13778666.0,16048587.0,,65.1,34.9,106.0,69.006,36.994
624,2021-11-23,437,0.0,115.0,38.0,19.0,15.0,4715.0,62082.0,66797.0,131028,639,2274636.0,13840748.0,16115384.0,,60.87,39.13,115.0,70.00049999999999,44.999500000000005
625,2021-11-24,434,0.0,117.0,39.0,19.0,17.0,4508.0,56916.0,61424.0,131462,639,2279144.0,13897664.0,16176808.0,,58.12,41.88,117.0,68.0004,48.9996
626,2021-11-25,489,0.0,110.0,42.0,19.0,17.0,4308.0,69969.0,74277.0,131951,639,2283452.0,13967633.0,16251085.0,,60.0,40.0,110.0,66.0,44.0
627,2021-11-26,451,1.0,116.0,40.0,18.0,16.0,3635.0,71883.0,75518.0,132402,640,2287087.0,14039516.0,16326603.0,,68.11,31.89,116.0,79.0076,36.9924
628,2021-11-27,535,1.0,118.0,45.0,18.0,16.0,5867.0,59491.0,65358.0,132937,641,2292954.0,14099007.0,16391961.0,,66.11,33.89,118.0,78.0098,39.9902
629,2021-11-28,337,2.0,114.0,43.0,18.0,16.0,4403.0,50005.0,54408.0,133274,643,2297357.0,14149012.0,16446369.0,,65.79,34.21,114.0,75.0006,38.9994
630,2021-11-29,586,0.0,116.0,46.0,21.0,18.0,7404.0,95288.0,102692.0,133860,643,2304761.0,14244300.0,16549061.0,,71.8,28.2,116.0,83.288,32.711999999999996
631,2021-11-30,613,3.0,118.0,51.0,21.0,18.0,8361.0,76883.0,85244.0,134473,646,2313122.0,14321183.0,16634305.0,,65.82,34.18,118.0,77.6676,40.3324
632,2021-12-01,492,1.0,116.0,47.0,21.0,17.0,8260.0,76196.0,84456.0,134965,647,2321382.0,14397379.0,16718761.0,,63.8,36.2,116.0,74.008,41.992000000000004
633,2021-12-02,538,1.0,112.0,46.0,21.0,18.0,8029.0,80665.0,88694.0,135503,648,2329411.0,14478044.0,16807455.0,,66.08,33.92,112.0,74.0096,37.9904
634,2021-12-03,594,1.0,111.0,49.0,22.0,19.0,9017.0,79210.0,88227.0,136097,649,2338428.0,14557254.0,16895682.0,,69.37,30.63,111.0,77.00070000000001,33.9993
635,2021-12-04,428,3.0,115.0,43.0,19.0,17.0,9499.0,68508.0,78007.0,136525,652,2347927.0,14625762.0,16973689.0,,69.57,30.43,115.0,80.0055,34.994499999999995
636,2021-12-05,307,0.0,119.0,43.0,18.0,15.0,7383.0,49620.0,57003.0,136832,652,2355310.0,14675382.0,17030692.0,,68.91,31.09,119.0,82.0029,36.9971
637,2021-12-06,706,1.0,116.0,41.0,19.0,17.0,9099.0,91892.0,100991.0,137538,653,2364409.0,14767274.0,17131683.0,,75.0,25.0,116.0,87.0,29.0
638,2021-12-07,619,0.0,118.0,45.0,23.0,18.0,8496.0,71616.0,80112.0,138157,653,2372905.0,14838890.0,17211795.0,,77.97,22.03,118.0,92.0046,25.9954
639,2021-12-08,576,3.0,128.0,43.0,20.0,16.0,7562.0,74463.0,82025.0,138733,656,2380467.0,14913353.0,17293820.0,,76.57,23.43,128.0,98.00959999999999,29.9904
640,2021-12-09,635,2.0,139.0,44.0,19.0,15.0,11498.0,76282.0,87780.0,139368,658,2391965.0,14989635.0,17381600.0,,76.65,23.35,139.0,106.54350000000001,32.4565
641,2021-12-10,662,0.0,138.0,47.0,21.0,17.0,9817.0,84023.0,93840.0,140030,658,2401782.0,15073658.0,17475440.0,,78.25,21.75,138.0,107.985,30.015
642,2021-12-11,428,1.0,145.0,42.0,22.0,20.0,9499.0,68508.0,78007.0,140458,659,2411281.0,15142166.0,17553447.0,,79.32,20.68,145.0,115.014,29.986
643,2021-12-12,393,3.0,146.0,55.0,21.0,18.0,11410.0,53097.0,64507.0,140851,662,2422691.0,15195263.0,17617954.0,,77.4,22.6,146.0,113.00400000000002,32.996
644,2021-12-13,715,1.0,149.0,52.0,19.0,15.0,12594.0,93927.0,106521.0,141566,663,2435285.0,15289190.0,17724475.0,,77.19,22.81,149.0,115.0131,33.9869
645,2021-12-14,662,1.0,159.0,59.0,22.0,18.0,9665.0,71320.0,80985.0,142228,664,2444950.0,15360510.0,17805460.0,,80.51,19.49,159.0,128.0109,30.989099999999997
646,2021-12-15,650,2.0,157.0,54.0,22.0,20.0,7996.0,77028.0,85024.0,142878,666,2452946.0,15437538.0,17890484.0,,77.08,22.92,157.0,121.01559999999999,35.9844
647,2021-12-16,632,2.0,165.0,51.0,22.0,18.0,8762.0,78266.0,87028.0,143510,668,2461708.0,15515804.0,17977512.0,,75.76,24.24,165.0,125.00400000000002,39.996
648,2021-12-17,695,1.0,171.0,57.0,21.0,20.0,10709.0,71701.0,82410.0,144205,669,2472417.0,15587505.0,18059922.0,,74.71,25.29,171.0,127.75409999999998,43.2459
649,2021-12-18,508,2.0,177.0,59.0,21.0,21.0,9501.0,66343.0,75844.0,144713,671,2481918.0,15653848.0,18135766.0,,79.67,20.33,177.0,141.0159,35.9841
650,2021-12-19,448,1.0,175.0,60.0,24.0,22.0,9415.0,50413.0,59828.0,145161,672,2491333.0,15704261.0,18195594.0,,79.32,20.68,175.0,138.80999999999997,36.19
651,2021-12-20,835,5.0,179.0,60.0,24.0,23.0,11586.0,94897.0,106483.0,145996,677,2502919.0,15799158.0,18302077.0,,81.01,18.99,179.0,145.0079,33.99209999999999
652,2021-12-21,806,0.0,176.0,59.0,28.0,27.0,10815.0,76716.0,87531.0,146802,677,2513734.0,15875874.0,18389608.0,,78.98,21.02,176.0,139.00480000000002,36.9952
653,2021-12-22,883,1.0,172.0,64.0,28.0,26.0,10295.0,93308.0,103603.0,147685,678,2524029.0,15969182.0,18493211.0,,77.33,22.67,172.0,133.0076,38.9924
654,2021-12-23,978,2.0,162.0,66.0,29.0,25.0,12269.0,80964.0,93233.0,148663,680,2536298.0,16050146.0,18586444.0,,77.78,22.22,162.0,126.0036,35.9964
655,2021-12-24,917,3.0,168.0,62.0,28.0,22.0,10963.0,112532.0,123495.0,149580,683,2547261.0,16162678.0,18709939.0,,76.2,23.8,168.0,128.016,39.984
656,2021-12-25,268,1.0,157.0,63.0,28.0,24.0,7073.0,9158.0,16231.0,149848,684,2554334.0,16171836.0,18726170.0,,75.65,24.35,157.0,118.77050000000001,38.2295
657,2021-12-26,912,1.0,162.0,74.0,31.0,26.0,4535.0,49180.0,53715.0,150760,685,2558869.0,16221016.0,18779885.0,,80.87,19.13,162.0,131.0094,30.9906
658,2021-12-27,1925,2.0,161.0,78.0,31.0,27.0,12917.0,108210.0,121127.0,152685,687,2571786.0,16329226.0,18901012.0,,80.75,19.25,161.0,130.0075,30.9925
659,2021-12-28,2241,0.0,168.0,84.0,35.0,27.0,11803.0,86244.0,98047.0,154926,687,2583589.0,16415470.0,18999059.0,,80.96,19.04,168.0,136.0128,31.987199999999998
660,2021-12-29,3002,5.0,174.0,84.0,33.0,24.0,13293.0,105601.0,118894.0,157928,692,2596882.0,16521071.0,19117953.0,,82.76,17.24,174.0,144.00240000000002,29.9976
661,2021-12-30,3851,1.0,178.0,85.0,39.0,28.0,14415.0,100328.0,114743.0,161779,693,2611297.0,16621399.0,19232696.0,,85.4,14.6,178.0,152.012,25.987999999999996
662,2021-12-31,5048,3.0,180.0,79.0,34.0,28.0,14971.0,154505.0,169476.0,166827,696,2626268.0,16775904.0,19402172.0,,85.48,14.52,180.0,153.864,26.136
663,2022-01-01,2332,0.0,187.0,82.0,36.0,32.0,8525.0,30452.0,38977.0,169159,696,2634793.0,16806356.0,19441149.0,,85.03,14.97,187.0,159.0061,27.993900000000004
664,2022-01-02,3538,1.0,203.0,84.0,38.0,33.0,7912.0,83570.0,91482.0,172697,697,2642705.0,16889926.0,19532631.0,,83.26,16.74,203.0,169.01780000000002,33.9822
665,2022-01-03,5024,2.0,201.0,75.0,36.0,32.0,13840.0,150518.0,164358.0,177721,699,2656545.0,17040444.0,19696989.0,,81.1,18.9,201.0,163.011,37.989
666,2022-01-04,5457,5.0,209.0,76.0,36.0,32.0,18576.0,104225.0,122801.0,183178,704,2675121.0,17144669.0,19819790.0,,78.0,22.0,209.0,163.02,45.98
667,2022-01-05,5202,4.0,205.0,70.0,31.0,28.0,14588.0,115488.0,130076.0,188380,708,2689709.0,17260157.0,19949866.0,,80.0,20.0,205.0,164.0,41.0
668,2022-01-06,3777,0.0,235.0,73.0,31.0,29.0,12452.0,64803.0,77255.0,192157,708,2702161.0,17324960.0,20027121.0,,77.45,22.55,235.0,182.0075,52.9925
669,2022-01-07,5244,0.0,230.0,81.0,33.0,28.0,13007.0,126327.0,139334.0,197401,708,2715168.0,17451287.0,20166455.0,,77.83,22.17,230.0,179.009,50.99100000000001
670,2022-01-08,3959,3.0,244.0,83.0,33.0,26.0,14243.0,137995.0,152238.0,201360,711,2729411.0,17589282.0,20318693.0,,77.05,22.95,244.0,188.002,55.998000000000005
671,2022-01-09,3012,4.0,251.0,91.0,32.0,29.0,8701.0,131008.0,139709.0,204372,715,2738112.0,17720290.0,20458402.0,,75.3,24.7,251.0,189.003,61.997
672,2022-01-10,4187,4.0,245.0,86.0,33.0,27.0,13416.0,123675.0,137091.0,208559,719,2751528.0,17843965.0,20595493.0,,76.64,23.36,245.0,187.768,57.232
673,2022-01-11,3515,4.0,252.0,76.0,29.0,24.0,12074.0,93302.0,105376.0,212074,723,2763602.0,17937267.0,20700869.0,,76.2,23.8,252.0,192.024,59.976000000000006
674,2022-01-12,3197,4.0,266.0,93.0,32.0,28.0,9558.0,102675.0,112233.0,215271,727,2773160.0,18039942.0,20813102.0,,76.32,23.68,266.0,203.0112,62.9888
675,2022-01-13,3103,3.0,259.0,87.0,33.0,29.0,6671.0,115345.0,122016.0,218374,730,2779831.0,18155287.0,20935118.0,,74.91,25.09,259.0,194.0169,64.98310000000001
676,2022-01-14,3042,0.0,257.0,91.0,32.0,28.0,8416.0,113801.0,122217.0,221416,730,2788247.0,18269088.0,21057335.0,,73.16,26.84,257.0,188.0212,68.9788
677,2022-01-15,2351,3.0,270.0,88.0,32.0,28.0,9371.0,86369.0,95740.0,223767,733,2797618.0,18355457.0,21153075.0,,74.08,25.92,270.0,200.016,69.98400000000001
678,2022-01-16,1971,6.0,270.0,92.0,37.0,31.0,5589.0,89416.0,95005.0,225738,739,2803207.0,18444873.0,21248080.0,,71.38,28.62,270.0,192.726,77.274
679,2022-01-17,2918,3.0,270.0,94.0,40.0,34.0,10024.0,131189.0,141213.0,228656,742,2813231.0,18576062.0,21389293.0,,70.64,29.36,270.0,190.72799999999998,79.27199999999999
680,2022-01-18,2200,5.0,257.0,89.0,42.0,38.0,8483.0,96482.0,104965.0,230856,747,2821714.0,18672544.0,21494258.0,,69.65,30.349999999999994,257.0,179.00050000000002,77.99949999999998
681,2022-01-19,2226,1.0,248.0,92.0,40.0,35.0,6732.0,88918.0,95650.0,233082,748,2828446.0,18761462.0,21589908.0,,73.39,26.61,248.0,182.0072,65.9928
682,2022-01-20,2282,11.0,244.0,81.0,37.0,34.0,6547.0,102123.0,108670.0,235364,759,2834993.0,18863585.0,21698578.0,,72.55,27.450000000000003,244.0,177.02200000000002,66.97800000000001
683,2022-01-21,2192,3.0,242.0,84.0,38.0,33.0,6557.0,99887.0,106444.0,232161,762,2841550.0,18963472.0,21805022.0,database update resulted in -5395 cases of covid-19,70.67,29.33,242.0,171.0214,70.9786
684,2022-01-22,1984,6.0,240.0,79.0,31.0,27.0,6229.0,75958.0,82187.0,234145,768,2847779.0,19039430.0,21887209.0,,73.34,26.66,240.0,176.01600000000002,63.983999999999995
685,2022-01-23,1813,4.0,238.0,76.0,31.0,27.0,4564.0,8323.0,12887.0,235958,772,2852343.0,19047753.0,21900096.0,,73.53,26.47,238.0,175.0014,62.998599999999996
686,2022-01-24,2815,1.0,221.0,75.0,34.0,30.0,7788.0,122678.0,130466.0,238773,773,2860131.0,19170431.0,22030562.0,,70.59,29.41,221.0,156.00390000000002,64.9961
687,2022-01-25,2546,3.0,223.0,71.0,32.0,27.0,6465.0,92843.0,99308.0,241319,776,2866596.0,19263274.0,22129870.0,,73.43,26.57,223.0,163.74890000000002,59.251099999999994
688,2022-01-26,2499,8.0,224.0,75.0,38.0,34.0,5190.0,87086.0,92276.0,243818,784,2871786.0,19350360.0,22222146.0,,75.0,25.0,224.0,168.0,56.0
689,2022-01-27,2536,1.0,226.0,76.0,38.0,36.0,6000.0,100890.0,106890.0,246354,785,2877786.0,19451250.0,22329036.0,,77.44,22.56,226.0,175.0144,50.9856
690,2022-01-28,2587,3.0,208.0,68.0,33.0,30.0,5748.0,104453.0,110201.0,248941,788,2883534.0,19555703.0,22439237.0,,76.45,23.55,208.0,159.016,48.98400000000001
691,2022-01-29,2184,4.0,203.0,68.0,32.0,27.0,5970.0,77796.0,83766.0,251125,792,2889504.0,19633499.0,22523003.0,,74.39,25.61,203.0,151.0117,51.9883
692,2022-01-30,2225,1.0,211.0,74.0,40.0,32.0,4542.0,80761.0,85303.0,253350,793,2894046.0,19714260.0,22608306.0,,76.31,23.69,211.0,161.01409999999998,49.9859
693,2022-01-31,3396,3.0,204.0,65.0,35.0,31.0,7025.0,130655.0,137680.0,256746,796,2901071.0,19844915.0,22745986.0,,76.36,23.64,204.0,155.7744,48.22560000000001
694,2022-02-01,3038,1.0,211.0,60.0,33.0,29.0,6146.0,107716.0,113862.0,257755,797,2907217.0,19952631.0,22859848.0,database update resulted in -2029 cases of covid-19,76.78,23.22,211.0,162.0058,48.9942
695,2022-02-02,3083,2.0,235.0,67.0,34.0,28.0,5435.0,95327.0,100762.0,260838,799,2912652.0,20047958.0,22960610.0,,74.9,25.099999999999994,235.0,176.015,58.98499999999999
696,2022-02-03,3078,1.0,222.0,69.0,35.0,30.0,5552.0,109918.0,115470.0,263916,800,2918204.0,20157876.0,23076080.0,,74.78,25.22,222.0,166.0116,55.9884
697,2022-02-04,2907,2.0,218.0,61.0,33.0,27.0,6015.0,111030.0,117045.0,266823,802,2924219.0,20268906.0,23193125.0,,72.48,27.52,218.0,158.0064,59.993599999999994
698,2022-02-05,2568,1.0,225.0,65.0,33.0,29.0,5859.0,81166.0,87025.0,269391,803,2930078.0,20350072.0,23280150.0,,73.34,26.66,225.0,165.015,59.985
699,2022-02-06,2214,6.0,224.0,62.0,33.0,29.0,7187.0,78380.0,85567.0,271605,809,2937265.0,20428452.0,23365717.0,,70.54,29.46,224.0,158.0096,65.9904
700,2022-02-07,3374,4.0,233.0,63.0,32.0,29.0,7470.0,132415.0,139885.0,274979,813,2944735.0,20560867.0,23505602.0,,72.42,27.58,233.0,168.73860000000002,64.2614
701,2022-02-08,2885,7.0,206.0,48.0,22.0,19.0,6245.0,105687.0,111932.0,277864,820,2950980.0,20666554.0,23617534.0,,69.91,30.090000000000003,206.0,144.0146,61.985400000000006
702,2022-02-09,2779,5.0,199.0,49.0,21.0,18.0,5990.0,89582.0,95572.0,280643,825,2956970.0,20756136.0,23713106.0,,65.33,34.67,199.0,130.0067,68.9933
703,2022-02-10,2815,1.0,198.0,47.0,18.0,14.0,6586.0,106444.0,113030.0,283458,826,2963556.0,20862580.0,23826136.0,,64.15,35.849999999999994,198.0,127.01700000000001,70.98299999999999
704,2022-02-11,2485,4.0,184.0,43.0,11.0,8.0,5420.0,109905.0,115325.0,285943,830,2968976.0,20972485.0,23941461.0,,66.31,33.69,184.0,122.0104,61.98959999999999
705,2022-02-12,2120,5.0,180.0,37.0,9.0,8.0,6893.0,76251.0,83144.0,288063,835,2975869.0,21048736.0,24024605.0,,68.16,31.840000000000003,180.0,122.68799999999999,57.312000000000005
706,2022-02-13,2047,0.0,182.0,41.0,11.0,11.0,6740.0,74910.0,81650.0,290110,835,2982609.0,21123646.0,24106255.0,,69.79,30.21,182.0,127.01780000000001,54.982200000000006
707,2022-02-14,2930,3.0,177.0,40.0,13.0,12.0,8617.0,125798.0,134415.0,292962,838,2991226.0,21249444.0,24240670.0,database update resulted in -78 cases of covid-19,69.5,30.5,177.0,123.015,53.985
708,2022-02-15,2646,3.0,181.0,43.0,13.0,13.0,7174.0,97534.0,104708.0,295608,841,2998400.0,21346978.0,24345378.0,,69.62,30.379999999999995,181.0,126.0122,54.987799999999986
709,2022-02-16,2549,7.0,175.0,43.0,14.0,13.0,6657.0,91022.0,97679.0,298157,848,3005057.0,21438000.0,24443057.0,,70.86,29.14,175.0,124.005,50.995
710,2022-02-17,2200,4.0,168.0,43.0,12.0,12.0,7389.0,92113.0,99502.0,300357,852,3012446.0,21530113.0,24542559.0,,66.08,33.92,168.0,111.01440000000001,56.985600000000005
711,2022-02-18,2304,5.0,170.0,41.0,13.0,13.0,6938.0,103953.0,110891.0,302661,857,3019384.0,21634066.0,24653450.0,,68.24,31.760000000000005,170.0,116.008,53.992000000000004
712,2022-02-19,1764,4.0,160.0,37.0,13.0,11.0,6954.0,73500.0,80454.0,304425,861,3026338.0,21707566.0,24733904.0,,66.88,33.120000000000005,160.0,107.008,52.992000000000004
713,2022-02-20,1794,1.0,162.0,38.0,13.0,12.0,7091.0,79322.0,86413.0,306219,862,3033429.0,21786888.0,24820317.0,,66.67,33.33,162.0,108.00540000000001,53.9946
714,2022-02-21,2698,2.0,164.0,40.0,13.0,13.0,9456.0,122721.0,132177.0,308917,864,3042885.0,21909609.0,24952494.0,,68.91,31.090000000000003,164.0,113.0124,50.9876
715,2022-02-22,2332,5.0,157.0,43.0,11.0,11.0,7585.0,97208.0,104793.0,311239,869,3050470.0,22006817.0,25057287.0,database update resulted in -10 cases of covid-19,70.07,29.930000000000007,157.0,110.0099,46.99010000000001
716,2022-02-23,2167,3.0,161.0,36.0,13.0,13.0,6183.0,90697.0,96880.0,313406,872,3056653.0,22097514.0,25154167.0,,64.38,35.620000000000005,161.0,103.65179999999998,57.348200000000006
717,2022-02-24,1935,1.0,167.0,37.0,16.0,15.0,7085.0,103144.0,110229.0,315341,873,3063738.0,22200658.0,25264396.0,,59.29,40.71,167.0,99.0143,67.9857
718,2022-02-25,1826,7.0,155.0,34.0,15.0,13.0,6317.0,106936.0,113253.0,317167,880,3070055.0,22307594.0,25377649.0,,60.65,39.35,155.0,94.0075,60.9925
719,2022-02-26,1606,4.0,152.0,32.0,13.0,12.0,6263.0,92670.0,98933.0,318773,884,3076318.0,22400264.0,25476582.0,,60.93,39.07,152.0,92.6136,59.3864
720,2022-02-27,1387,2.0,148.0,36.0,14.0,13.0,8075.0,85132.0,93207.0,320160,886,3084393.0,22485396.0,25569789.0,,61.49,38.51,148.0,91.0052,56.9948
721,2022-02-28,2356,2.0,150.0,37.0,15.0,14.0,9513.0,118601.0,128114.0,321419,888,3093906.0,22603997.0,25697903.0,database update resulted in -1097 cases of covid-19,60.0,40.0,150.0,90.0,60.0
722,2022-03-01,1986,1.0,146.0,31.0,14.0,13.0,6740.0,95419.0,102159.0,323405,889,3100646.0,22699416.0,25800062.0,,58.22,41.78,146.0,85.00119999999998,60.9988
723,2022-03-02,2109,2.0,145.0,28.0,13.0,11.0,3369.0,83156.0,86525.0,325514,891,3104015.0,22782572.0,25886587.0,,59.32,40.68,145.0,86.014,58.986000000000004
724,2022-03-03,2046,2.0,144.0,33.0,15.0,14.0,3352.0,95116.0,98468.0,327560,893,3107367.0,22877688.0,25985055.0,,58.34,41.66,144.0,84.0096,59.990399999999994
725,2022-03-04,2114,4.0,137.0,30.0,13.0,12.0,3659.0,103991.0,107650.0,329674,897,3111026.0,22981679.0,26092705.0,,57.67,42.33,137.0,79.0079,57.9921
726,2022-03-05,1834,2.0,128.0,28.0,13.0,12.0,3410.0,87938.0,91348.0,331508,899,3114436.0,23069617.0,26184053.0,,54.69,45.31,128.0,70.00319999999999,57.9968
727,2022-03-06,1730,2.0,129.0,30.0,14.0,14.0,2688.0,74648.0,77336.0,333238,901,3117124.0,23144265.0,26261389.0,,55.04,44.96,129.0,71.0016,57.998400000000004
728,2022-03-07,1584,1.0,129.0,27.0,11.0,11.0,2756.0,43310.0,46066.0,334822,902,3119880.0,23187575.0,26307455.0,,55.82,44.18,129.0,72.0078,56.992200000000004
729,2022-03-08,3695,5.0,120.0,23.0,10.0,9.0,4396.0,129478.0,133874.0,338517,907,3124276.0,23317053.0,26441329.0,,53.34,46.66,120.0,64.008,55.992
730,2022-03-09,2866,3.0,124.0,25.0,10.0,10.0,3807.0,74530.0,78337.0,341383,910,3128083.0,23391583.0,26519666.0,,56.46,43.54,124.0,70.0104,53.9896
731,2022-03-10,3473,3.0,113.0,22.0,8.0,8.0,3868.0,94837.0,98705.0,344856,913,3131951.0,23486420.0,26618371.0,,57.53,42.47,113.0,65.0089,47.991099999999996
732,2022-03-11,3020,6.0,107.0,21.0,7.0,7.0,4121.0,88599.0,92720.0,347876,919,3136072.0,23575019.0,26711091.0,,52.34,47.66,107.0,56.0038,50.9962
733,2022-03-12,2812,4.0,110.0,17.0,5.0,5.0,3324.0,75193.0,78517.0,350688,923,3139396.0,23650212.0,26789608.0,,53.64,46.36,110.0,59.004,50.996
734,2022-03-13,2314,3.0,107.0,17.0,5.0,5.0,3012.0,65981.0,68993.0,353002,926,3142408.0,23716193.0,26858601.0,,56.08,43.92,107.0,60.005599999999994,46.994400000000006
735,2022-03-14,3782,0.0,101.0,14.0,8.0,8.0,3769.0,108157.0,111926.0,355493,926,3146177.0,23824350.0,26970527.0,database update resulted in -1291 cases of covid-19,57.43,42.57,101.0,58.0043,42.9957
736,2022-03-15,3294,2.0,108.0,17.0,6.0,6.0,3699.0,88596.0,92295.0,358787,928,3149876.0,23912946.0,27062822.0,,59.26,40.74,108.0,64.0008,43.9992
737,2022-03-16,3714,0.0,119.0,22.0,6.0,5.0,3630.0,80227.0,83857.0,362501,928,3153506.0,23993173.0,27146679.0,,60.51,39.49,119.0,72.0069,46.993100000000005
738,2022-03-17,3951,1.0,113.0,22.0,8.0,8.0,3395.0,93004.0,96399.0,366452,929,3156901.0,24086177.0,27243078.0,,58.41,41.59,113.0,66.0033,46.996700000000004
739,2022-03-18,3859,0.0,114.0,20.0,8.0,8.0,3968.0,95668.0,99636.0,370311,929,3160869.0,24181845.0,27342714.0,,58.78,41.22,114.0,67.0092,46.9908
740,2022-03-19,3347,1.0,126.0,21.0,7.0,7.0,3406.0,70758.0,74164.0,373658,930,3164275.0,24252603.0,27416878.0,,57.15,42.85,126.0,72.009,53.99100000000001
741,2022-03-20,3698,3.0,143.0,25.0,8.0,8.0,2906.0,72496.0,75402.0,377356,933,3167181.0,24325099.0,27492280.0,,58.05,41.95,143.0,83.0115,59.9885
742,2022-03-21,5286,1.0,149.0,31.0,7.0,7.0,4740.0,109326.0,114066.0,382642,934,3171921.0,24434425.0,27606346.0,,54.37,45.63,149.0,81.01129999999999,67.98870000000001
743,2022-03-22,4673,3.0,151.0,26.0,7.0,7.0,3772.0,91171.0,94943.0,387315,937,3175693.0,24525596.0,27701289.0,,52.99,47.01,151.0,80.01490000000001,70.98509999999999
744,2022-03-23,4704,4.0,153.0,23.0,7.0,7.0,4193.0,79173.0,83366.0,392019,941,3179886.0,24604769.0,27784655.0,,52.32,47.68,153.0,80.0496,72.9504
745,2022-03-24,5186,0.0,151.0,24.0,7.0,7.0,3859.0,99404.0,103263.0,397205,941,3183745.0,24704173.0,27887918.0,,52.32,47.68,151.0,79.00319999999999,71.99680000000001
746,2022-03-25,3329,3.0,151.0,20.0,6.0,6.0,2749.0,43039.0,45788.0,400534,944,3186494.0,24747212.0,27933706.0,,52.32,47.68,151.0,79.00319999999999,71.99680000000001
747,2022-03-26,5172,2.0,169.0,21.0,6.0,6.0,3769.0,78719.0,82488.0,405706,946,3190263.0,24825931.0,28016194.0,,52.08,47.92,169.0,88.01520000000001,80.9848
748,2022-03-27,4314,0.0,173.0,18.0,3.0,2.0,3122.0,79528.0,82650.0,410020,946,3193385.0,24905459.0,28098844.0,,54.92,45.08,173.0,95.0116,77.9884
749,2022-03-28,6494,3.0,190.0,21.0,5.0,4.0,4450.0,111480.0,115930.0,416352,949,3197835.0,25016939.0,28214774.0,database update resulted in -162 cases of covid-19,57.37,42.63,190.0,109.00299999999999,80.99700000000001
750,2022-03-29,5089,2.0,182.0,21.0,5.0,4.0,4344.0,90971.0,95315.0,421441,951,3202179.0,25107910.0,28310089.0,,54.95,45.05,182.0,100.009,81.991
751,2022-03-30,4774,1.0,182.0,25.0,6.0,5.0,3528.0,79861.0,83389.0,426215,952,3205707.0,25187771.0,28393478.0,,54.95,45.05,182.0,100.009,81.991
752,2022-03-31,4349,2.0,195.0,25.0,7.0,7.0,3335.0,92781.0,96116.0,430564,954,3209042.0,25280552.0,28489594.0,,52.31,47.69,195.0,102.00450000000001,92.99549999999999
753,2022-04-01,2491,2.0,191.0,23.0,7.0,7.0,1837.0,39465.0,41302.0,433055,956,3210879.0,25320017.0,28530896.0,,51.84,48.16,191.0,99.01440000000001,91.98559999999999
754,2022-04-02,3894,3.0,201.0,33.0,10.0,9.0,3193.0,76467.0,79660.0,436949,959,3214072.0,25396484.0,28610556.0,,52.74,47.26,201.0,106.0074,94.9926
755,2022-04-03,2853,2.0,203.0,27.0,9.0,8.0,2603.0,76215.0,78818.0,439802,961,3216675.0,25472699.0,28689374.0,,55.67,44.33,203.0,113.01010000000001,89.98989999999999
756,2022-04-04,4210,4.0,199.0,28.0,9.0,7.0,4197.0,100953.0,105150.0,444012,965,3220872.0,25573652.0,28794524.0,,52.77,47.23,199.0,105.01230000000001,93.98769999999999
757,2022-04-05,2987,3.0,207.0,30.0,10.0,6.0,3429.0,81289.0,84718.0,446999,968,3224301.0,25654941.0,28879242.0,,56.04,43.96,207.0,116.00280000000001,90.99719999999999
758,2022-04-06,2716,1.0,202.0,27.0,9.0,7.0,2928.0,69860.0,72788.0,449715,969,3227229.0,25724801.0,28952030.0,,57.93,42.07,202.0,117.0186,84.9814
759,2022-04-07,2457,2.0,208.0,30.0,7.0,5.0,2945.0,76389.0,79334.0,452172,971,3230174.0,25801190.0,29031364.0,,60.1,39.9,208.0,125.00800000000001,82.99199999999999
760,2022-04-08,2028,3.0,202.0,24.0,7.0,4.0,2997.0,77774.0,80771.0,454200,974,3233171.0,25878964.0,29112135.0,,59.41,40.59,202.0,120.0082,81.9918
761,2022-04-09,1764,1.0,201.0,26.0,8.0,3.0,2745.0,57511.0,60256.0,455964,975,3235916.0,25936475.0,29172391.0,,57.22,42.78,201.0,115.01219999999999,85.98780000000001
762,2022-04-10,1459,2.0,207.0,29.0,9.0,5.0,2500.0,55228.0,57728.0,457423,977,3238416.0,25991703.0,29230119.0,,57.98,42.02,207.0,120.01859999999999,86.98140000000001
763,2022-04-11,2254,3.0,204.0,29.0,9.0,5.0,3685.0,79532.0,83217.0,459677,980,3242101.0,26071235.0,29313336.0,,56.87,43.13,204.0,116.0148,87.9852
764,2022-04-12,1692,2.0,188.0,31.0,9.0,5.0,3056.0,63874.0,66930.0,461369,982,3245157.0,26135109.0,29380266.0,,53.73,46.27,188.0,101.0124,86.9876
765,2022-04-13,1414,2.0,183.0,29.0,11.0,7.0,2659.0,51640.0,54299.0,462783,984,3247816.0,26186749.0,29434565.0,,48.09,51.91,183.0,88.00470000000001,94.99529999999999
