,date,daily new cases,daily deaths,Hospitalised Cases,Severe Cases,Cases In ICUs,Incubated Cases,PCR_daily tests performed,RA_daily tests performed,total_daily tests performed,total cases,total deaths,total PCR tests,total RA tests,total tests,Notes
0,2020-03-09,2,,,,,,,,,2,0,,,,
1,2020-03-10,1,,,,,,,,,3,0,,,,
2,2020-03-11,3,,,,,,,,,6,0,,,,
3,2020-03-12,0,,,,,,,,,6,0,,,,
4,2020-03-13,8,,,,,,,,,14,0,,,,
5,2020-03-14,12,,,,,,,,,26,0,,,,
6,2020-03-15,0,,,,,,,,,33,0,,,,
7,2020-03-16,7,,,,,,,,,46,0,,,,
8,2020-03-17,13,,,,,,,,,49,0,,,,
9,2020-03-18,3,,,,,,,,,58,0,,,,
10,2020-03-19,18,,,,,,,,,67,0,,,,
11,2020-03-20,8,,,,,,,,,75,0,,,,
12,2020-03-21,9,1.0,,,,,,,,84,1,,,,
13,2020-03-22,11,,,,,,,,,95,1,,,,
14,2020-03-23,21,,,,,,,,,116,1,,,,
15,2020-03-24,8,1.0,24,,4,4,,,,124,2,,,,
16,2020-03-25,8,,23,,5,5,,,,132,2,,,,
17,2020-03-26,14,,21,,6,6,,,,146,2,,,,
18,2020-03-27,16,2.0,29,,8,7,,,,162,4,,,,
19,2020-03-28,17,,34,,11,10,,,,179,4,5917,,,
20,2020-03-29,35,,33,,9,9,530,,530.0,214,4,6447,,,
21,2020-03-30,16,2.0,34,,10,10,400,,400.0,230,6,6847,,,
22,2020-03-31,32,,40,,11,11,550,,550.0,262,6,7397,,,
23,2020-04-01,58,1.0,54,,11,11,779,,779.0,320,7,8176,,,
24,2020-04-02,36,1.0,51,,9,9,603,,603.0,356,8,8779,,,
25,2020-04-03,40,1.0,55,,12,11,668,,668.0,396,9,9447,,,
26,2020-04-04,30,,56,,11,10,698,,698.0,426,9,10145,,,
27,2020-04-05,20,,55,,11,11,792,,792.0,446,9,10937,,,
28,2020-04-06,19,,48,,11,11,718,,718.0,465,9,11655,,,
29,2020-04-07,29,,51,,13,13,1353,,1353.0,494,9,13008,,,
30,2020-04-08,32,,45,,14,13,1256,,1256.0,526,9,14264,,,
31,2020-04-09,38,1.0,51,,12,12,1216,,1216.0,564,10,15480,,,
32,2020-04-10,31,,50,,12,11,819,,819.0,595,10,16299,,,
33,2020-04-11,21,,45,,12,8,811,,811.0,616,10,17110,,,
34,2020-04-12,17,1.0,42,,13,8,804,,804.0,633,11,17914,,,
35,2020-04-13,29,1.0,39,,13,9,891,,891.0,662,12,18805,,,
36,2020-04-14,33,,40,,12,9,1703,,1703.0,695,12,20508,,,
37,2020-04-15,20,,40,,12,9,2312,,2312.0,715,12,22820,,,
38,2020-04-16,20,,36,,12,9,2905,,2905.0,735,12,25725,,,
39,2020-04-17,15,,40,,13,9,3241,,3241.0,750,12,28966,,,
40,2020-04-18,11,,36,,13,9,3209,,3209.0,761,12,32175,,,
41,2020-04-19,6,,36,,12,8,1803,,1803.0,767,12,33978,,,
42,2020-04-20,5,,33,,13,8,1669,,1669.0,772,12,35647,,,
43,2020-04-21,12,,36,,12,10,1325,,1325.0,784,12,36972,,,
44,2020-04-22,6,1.0,34,,11,7,1441,,1441.0,790,13,38413,,,
45,2020-04-23,5,,31,,10,7,2322,,2322.0,795,13,40735,,,
46,2020-04-24,9,1.0,32,,9,4,2698,,2698.0,804,14,43433,,,
47,2020-04-25,6,,33,,9,4,2467,,2467.0,810,14,45900,,,
48,2020-04-26,7,,30,,9,5,2415,,2415.0,817,14,48315,,,
49,2020-04-27,5,1.0,29,,7,4,1796,,1796.0,822,15,50111,,,
50,2020-04-28,15,,26,,6,4,2999,,2999.0,837,15,53110,,,
51,2020-04-29,6,,27,,6,4,2436,,2436.0,843,15,55546,,,
52,2020-04-30,7,,25,,6,4,2454,,2454.0,850,15,58000,,,
53,2020-05-01,7,,24,,6,4,2427,,2427.0,857,15,60427,,,
54,2020-05-02,7,,24,,6,5,1731,,1731.0,864,15,62158,,,
55,2020-05-03,8,,23,,6,5,1968,,1968.0,872,15,64126,,,
56,2020-05-04,2,,22,,6,5,1490,,1490.0,874,15,65616,,,
57,2020-05-05,4,,24,,5,4,1250,,1250.0,878,15,66866,,,
58,2020-05-06,5,,23,,5,4,2062,,2062.0,883,15,68928,,,
59,2020-05-07,6,,19,,5,5,1774,,1774.0,889,15,70702,,,
60,2020-05-08,2,,19,,5,5,1957,,1957.0,891,15,72659,,,
61,2020-05-09,1,,19,,5,5,1978,,1978.0,892,15,74637,,,
62,2020-05-10,6,1.0,20,,4,4,1393,,1393.0,898,16,76030,,,
63,2020-05-11,3,,22,,4,4,1046,,1046.0,901,16,77076,,,
64,2020-05-12,2,,15,,4,4,1153,,1153.0,903,16,78229,,,
65,2020-05-13,2,1.0,12,,3,3,1946,,1946.0,905,17,80175,,,
66,2020-05-14,2,,10,,3,3,1659,,1659.0,907,17,81834,,,
67,2020-05-15,3,,9,,3,3,1794,,1794.0,910,17,83628,,,
68,2020-05-16,4,,8,,3,3,1564,,1564.0,914,17,85192,,,
69,2020-05-17,2,,8,,3,3,2248,,2248.0,916,17,87440,,,
70,2020-05-18,1,,8,,3,3,1287,,1287.0,917,17,88727,,,
71,2020-05-19,1,,7,,4,3,1882,,1882.0,918,17,90609,,,
72,2020-05-20,4,,9,,4,3,1984,,1984.0,922,17,92593,,,
73,2020-05-21,1,,8,,4,2,2647,,2647.0,923,17,95240,,,
74,2020-05-22,4,,9,,4,2,1970,,1970.0,927,17,97210,,,
75,2020-05-23,0,,9,,4,2,2414,,2414.0,927,17,99624,,,
76,2020-05-24,8,,8,,3,2,1953,,1953.0,935,17,101577,,,
77,2020-05-25,2,,8,,3,2,2128,,2128.0,937,17,103705,,,
78,2020-05-26,2,,9,,3,3,2214,,2214.0,939,17,105919,,,
79,2020-05-27,0,,8,,3,3,2640,,2640.0,939,17,108559,,,
80,2020-05-28,2,,7,,3,3,2602,,2602.0,941,17,111161,,,
81,2020-05-29,1,,6,,3,3,2363,,2363.0,942,17,113524,,,
82,2020-05-30,1,,6,,3,3,2061,,2061.0,943,17,115585,,,
83,2020-05-31,1,,6,,3,3,1717,,1717.0,944,17,117302,,,
84,2020-06-01,5,,6,,3,3,1504,,1504.0,949,17,118806,,,
85,2020-06-02,3,,6,,3,3,1473,,1473.0,952,17,120279,,,
86,2020-06-03,6,,7,,3,3,2928,,2928.0,958,17,123207,,,
87,2020-06-04,0,,7,,3,3,1996,,1996.0,958,17,125203,,,
88,2020-06-05,2,,7,,3,3,1836,,1836.0,960,17,127039,,,
89,2020-06-06,0,1.0,6,,2,2,2054,,2054.0,960,18,129093,,,
90,2020-06-07,4,,5,,2,1,2364,,2364.0,964,18,131457,,,
91,2020-06-08,6,,5,,2,1,799,,799.0,970,18,132256,,,
92,2020-06-09,2,,4,,2,1,484,,484.0,972,18,132740,,,
93,2020-06-10,2,,4,,2,2,1369,,1369.0,974,18,134109,,,
94,2020-06-11,1,,4,,2,2,2518,,2518.0,975,18,136627,,,
95,2020-06-12,5,,4,,2,2,1289,,1289.0,980,18,137916,,,
96,2020-06-13,0,,4,,2,2,1613,,1613.0,980,18,139529,,,
97,2020-06-14,3,,4,,2,2,1252,,1252.0,983,18,140781,,,
98,2020-06-15,2,,4,,2,1,622,,622.0,985,18,141403,,,
99,2020-06-16,0,,5,,2,1,912,,912.0,985,18,142315,,,
100,2020-06-17,0,,4,,2,1,1210,,1210.0,985,18,143525,,,
101,2020-06-18,0,1.0,2,,1,0,1047,,1047.0,985,19,144572,,,
102,2020-06-19,0,,2,,0,0,763,,763.0,985,19,145335,,,
103,2020-06-20,0,,1,,0,0,808,,808.0,985,19,146143,,,
104,2020-06-21,1,,1,,0,0,620,,620.0,986,19,146763,,,
105,2020-06-22,2,,0,,0,0,1039,,1039.0,988,19,147802,,,
106,2020-06-23,2,,0,,0,0,1067,,1067.0,990,19,148869,,,
107,2020-06-24,1,,0,,0,0,1405,,1405.0,991,19,150274,,,
108,2020-06-25,1,,0,,0,0,1104,,1104.0,992,19,151378,,,
109,2020-06-26,0,,2,,0,0,1059,,1059.0,992,19,152437,,,
110,2020-06-27,2,,1,,0,0,1336,,1336.0,994,19,153773,,,
111,2020-06-28,0,,1,,0,0,1059,,1059.0,994,19,154832,,,
112,2020-06-29,2,,1,,0,0,1290,,1290.0,996,19,156122,,,
113,2020-06-30,2,,1,,0,0,1320,,1320.0,998,19,157442,,,
114,2020-07-01,1,,1,,0,0,1204,,1204.0,999,19,158646,,,
115,2020-07-02,0,,1,,0,0,1019,,1019.0,999,19,159665,,,
116,2020-07-03,0,,1,,0,0,1538,,1538.0,999,19,161203,,,
117,2020-07-04,3,,1,,0,0,1699,,1699.0,1002,19,162902,,,
118,2020-07-05,1,,1,,0,0,1445,,1445.0,1003,19,164347,,,
119,2020-07-06,1,,1,,0,0,1259,,1259.0,1004,19,165606,,,
120,2020-07-07,1,,0,,0,0,1191,,1191.0,1005,19,166797,,,
121,2020-07-08,3,,0,,0,0,1691,,1691.0,1008,19,168488,,,
122,2020-07-09,2,,0,,0,0,1159,,1159.0,1010,19,169647,,,
123,2020-07-10,3,,0,,0,0,1247,,1247.0,1013,19,170894,,,
124,2020-07-11,1,,0,,0,0,1748,,1748.0,1014,19,172642,,,
125,2020-07-12,7,,0,,0,0,1179,,1179.0,1021,19,173821,,,
126,2020-07-13,1,,0,,0,0,942,,942.0,1022,19,174763,,,
127,2020-07-14,1,,0,,0,0,1754,,1754.0,1023,19,176517,,,
128,2020-07-15,2,,0,,0,0,1658,,1658.0,1025,19,178175,,,
129,2020-07-16,6,,0,,0,0,1504,,1504.0,1031,19,179679,,,
130,2020-07-17,2,,0,,0,0,1329,,1329.0,1033,19,181008,,,
131,2020-07-18,4,,0,,0,0,1831,,1831.0,1037,19,182839,,,
132,2020-07-19,1,,0,,0,0,1085,,1085.0,1038,19,183924,,,
133,2020-07-20,0,,0,,0,0,1565,,1565.0,1038,19,185489,,,
134,2020-07-21,2,,0,,0,0,1395,,1395.0,1040,19,186884,,,
135,2020-07-22,0,,0,,0,0,2465,,2465.0,1040,19,189349,,,
136,2020-07-23,5,,0,,0,0,1575,,1575.0,1045,19,190924,,,
137,2020-07-24,2,,0,,0,0,1109,,1109.0,1047,19,192033,,,
138,2020-07-25,6,,0,,0,0,1682,,1682.0,1053,19,193715,,,
139,2020-07-26,4,,0,,0,0,902,,902.0,1057,19,194617,,,
140,2020-07-27,3,,0,,0,0,1855,,1855.0,1060,19,196472,,,
141,2020-07-28,7,,0,,0,0,1974,,1974.0,1067,19,198446,,,
142,2020-07-29,13,,0,,0,0,1725,,1725.0,1080,19,200171,,,
143,2020-07-30,9,,6,,0,0,2069,,2069.0,1089,19,202240,,,
144,2020-07-31,25,,7,,0,0,1850,,1850.0,1114,19,204090,,,
145,2020-08-01,10,,7,,0,0,2987,,2987.0,1124,19,207077,,,
146,2020-08-02,26,,4,,0,0,2924,,2924.0,1150,19,210001,,,
147,2020-08-03,5,,4,,0,0,2581,,2581.0,1155,19,212582,,,
148,2020-08-04,25,,5,,0,0,3988,,3988.0,1180,19,216570,,,
149,2020-08-05,15,,4,,0,0,3132,,3132.0,1195,19,219702,,,
150,2020-08-06,13,,4,,0,0,3486,,3486.0,1208,19,223188,,,
151,2020-08-07,14,,4,,0,0,3539,,3539.0,1222,19,226727,,,
152,2020-08-08,11,,5,,0,0,3314,,3314.0,1233,19,230041,,,
153,2020-08-09,9,,5,,0,0,2919,,2919.0,1242,19,232960,,,
154,2020-08-10,10,,5,,0,0,2619,,2619.0,1252,19,235579,,,
155,2020-08-11,25,1.0,5,,0,0,4024,,4024.0,1277,20,239603,,,
156,2020-08-12,14,,3,,0,0,3775,,3775.0,1291,20,243378,,,
157,2020-08-13,14,,3,,0,0,3387,,3387.0,1305,20,246765,,,
158,2020-08-14,13,,3,,0,0,2960,,2960.0,1318,20,249725,,,
159,2020-08-15,14,,3,,0,0,3813,,3813.0,1332,20,253538,,,
160,2020-08-16,7,,2,,0,0,2475,,2475.0,1339,20,256013,,,
161,2020-08-17,12,,2,,0,0,3588,,3588.0,1351,20,259601,,,
162,2020-08-18,8,,2,,1,1,4315,,4315.0,1359,20,263916,,,
163,2020-08-19,26,,2,,1,1,3372,,3372.0,1385,20,267288,,,
164,2020-08-20,10,,2,,1,1,3202,,3202.0,1395,20,270490,,,
165,2020-08-21,11,,3,,1,1,3201,,3201.0,1406,20,273691,,,
166,2020-08-22,11,,2,,1,1,3446,,3446.0,1417,20,277137,,,
167,2020-08-23,4,,3,,1,1,3281,,3281.0,1421,20,280418,,,
168,2020-08-24,11,,4,,1,1,3522,,3522.0,1432,20,283940,,,
169,2020-08-25,14,,4,,1,1,2769,,2769.0,1446,20,286709,,,
170,2020-08-26,10,,7,,1,1,3207,,3207.0,1456,20,289916,,,
171,2020-08-27,11,,5,,1,1,2755,,2755.0,1467,20,292671,,,
172,2020-08-28,14,,5,,1,1,2917,,2917.0,1481,20,295588,,,
173,2020-08-29,2,,7,,1,1,2843,,2843.0,1483,20,298431,,,
174,2020-08-30,4,,7,,1,1,2845,,2845.0,1487,20,301276,,,
175,2020-08-31,1,,8,,1,1,1916,,1916.0,1488,20,303192,,,
176,2020-09-01,2,1.0,6,,1,1,2646,,2646.0,1490,21,305838,,,
177,2020-09-02,5,,6,,1,1,2643,,2643.0,1495,21,308481,,,
178,2020-09-03,3,,6,,2,2,2149,,2149.0,1498,21,310630,,,
179,2020-09-04,4,,7,,2,2,1810,,1810.0,1502,21,312440,,,
180,2020-09-05,5,,4,,2,2,3033,,3033.0,1507,21,315473,,,
181,2020-09-06,2,,4,,2,2,2150,,2150.0,1509,21,317623,,,
182,2020-09-07,1,1.0,2,,1,1,2049,,2049.0,1510,22,319672,,,
183,2020-09-08,1,,4,,1,1,2797,,2797.0,1511,22,322469,,,
184,2020-09-09,3,,4,,1,1,2251,,2251.0,1514,22,324720,,,
185,2020-09-10,3,,4,,1,1,2452,,2452.0,1517,22,327172,,,
186,2020-09-11,3,,4,,1,0,3108,,3108.0,1520,22,330280,,,
187,2020-09-12,3,,4,,1,0,2320,,2320.0,1523,22,332600,,,
188,2020-09-13,3,,4,,1,0,2810,,2810.0,1526,22,335410,,,
189,2020-09-14,8,,5,,1,0,1960,,1960.0,1534,22,337370,,,
190,2020-09-15,6,,6,,1,0,3157,,3157.0,1540,22,340527,,,
191,2020-09-16,8,,6,,1,0,2449,,2449.0,1548,22,342976,,,
192,2020-09-17,10,,7,,1,0,1951,,1951.0,1558,22,344927,,,
193,2020-09-18,7,,7,,1,0,3039,,3039.0,1565,22,347966,,,
194,2020-09-19,25,,7,,1,0,2950,,2950.0,1590,22,350916,,,
195,2020-09-20,10,,6,,1,0,2164,,2164.0,1600,22,353080,,,
196,2020-09-21,3,,9,,0,0,3036,,3036.0,1603,22,356116,,,
197,2020-09-22,15,,7,,0,0,2709,,2709.0,1618,22,358825,,,
198,2020-09-23,36,,12,,0,0,3317,,3317.0,1654,22,362142,,,
199,2020-09-24,9,,12,,0,0,2893,,2893.0,1663,22,365035,,,
200,2020-09-25,8,,14,,0,0,2615,,2615.0,1671,22,367650,,,
201,2020-09-26,13,,14,,0,0,3220,,3220.0,1684,22,370870,,,
202,2020-09-27,12,,17,,0,0,3338,,3338.0,1696,22,374208,,,
203,2020-09-28,17,,15,,0,0,2465,,2465.0,1713,22,376673,,,
204,2020-09-29,30,,16,,0,0,2685,,2685.0,1743,22,379358,,,
205,2020-09-30,12,,12,,1,1,3147,,3147.0,1755,22,382505,,,
206,2020-10-01,17,,12,,1,1,2454,,2454.0,1772,22,384959,,,
207,2020-10-02,17,,11,,1,1,2412,,2412.0,1789,22,387371,,,
208,2020-10-03,22,,13,,2,2,3477,,3477.0,1811,22,390848,,,
209,2020-10-04,13,,11,,2,2,3177,,3177.0,1824,22,394025,,,
210,2020-10-05,23,,11,,2,2,2736,,2736.0,1847,22,396761,,,
211,2020-10-06,29,1.0,9,,3,3,3532,,3532.0,1876,23,400293,,,
212,2020-10-07,21,1.0,6,,2,2,3533,,3533.0,1897,24,403826,,,
213,2020-10-08,21,,8,,2,2,3133,,3133.0,1918,24,406959,,,
214,2020-10-09,33,1.0,5,,2,2,2891,,2891.0,1951,25,409850,,,
215,2020-10-10,35,,5,,2,2,3414,,3414.0,1986,25,413264,,,
216,2020-10-11,20,,5,,2,2,3365,,3365.0,2006,25,416629,,,
217,2020-10-12,41,,7,,2,2,2610,,2610.0,2047,25,419239,,,
218,2020-10-13,83,,7,,2,2,3645,,3645.0,2130,25,422884,,,
219,2020-10-14,51,,8,,2,2,2291,,2291.0,2181,25,425175,,,
220,2020-10-15,104,,9,,2,2,3877,,3877.0,2285,25,429052,,,
221,2020-10-16,94,,12,,2,2,3084,,3084.0,2379,25,432136,,,
222,2020-10-17,202,,21,,2,2,4966,,4966.0,2581,25,437102,,,
223,2020-10-18,63,,19,,2,2,3688,,3688.0,2644,25,440790,,,
224,2020-10-19,43,,23,,2,2,2558,,2558.0,2687,25,443348,,,
225,2020-10-20,152,,24,,2,2,4410,,4410.0,2839,25,447758,,,
226,2020-10-21,127,,23,,2,2,3309,,3309.0,2966,25,451067,,,
227,2020-10-22,188,,26,,2,2,4304,,4304.0,3154,25,455371,,,
228,2020-10-23,160,,26,,2,2,4327,,4327.0,3314,25,459698,,,
229,2020-10-24,130,,28,,2,2,4284,,4284.0,3444,25,463982,,,
230,2020-10-25,101,,32,,2,2,2781,,2781.0,3545,25,466763,,,
231,2020-10-26,91,,31,,2,2,2285,,2285.0,3636,25,469048,,,
232,2020-10-27,181,,31,,3,3,3589,,3589.0,3817,25,472637,,,
233,2020-10-28,113,,38,,4,4,3122,,3122.0,3930,25,475759,,,
234,2020-10-29,121,,38,,4,4,2530,,2530.0,4051,25,478289,,,
235,2020-10-30,166,,34,,4,4,3672,,3672.0,4217,25,481961,,,
236,2020-10-31,149,1.0,37,,5,5,4783,,4783.0,4366,26,486744,,,
237,2020-11-01,197,,39,,5,5,3053,,3053.0,4563,26,489797,,,
238,2020-11-02,197,,40,,5,5,2812,,2812.0,4760,26,492609,,,
239,2020-11-03,174,,42,,5,5,4033,,4033.0,4934,26,496642,,,
240,2020-11-04,166,,57,,5,5,3529,,3529.0,5100,26,500171,,,
241,2020-11-05,233,,65,,5,5,3756,,3756.0,5333,26,503927,,,
242,2020-11-06,224,,70,,6,6,3693,,3693.0,5557,26,507620,,,
243,2020-11-07,314,1.0,69,,7,7,4218,,4218.0,5871,27,511838,,,
244,2020-11-08,116,,77,,7,7,2803,,2803.0,5987,27,514641,,,
245,2020-11-09,111,,85,,7,6,2111,,2111.0,6098,27,516752,,,
246,2020-11-10,198,2.0,76,,7,6,4143,,4143.0,6296,29,520895,,,
247,2020-11-11,165,4.0,73,,6,4,3291,,3291.0,6461,33,524186,,,
248,2020-11-12,185,1.0,68,,7,5,2891,,2891.0,6646,34,527077,,,
249,2020-11-13,207,4.0,59,,8,6,3088,,3088.0,6853,38,530165,,,
250,2020-11-14,198,1.0,64,,8,6,4157,,4157.0,7051,39,534322,,,
251,2020-11-15,127,1.0,73,,9,7,3333,,3333.0,7178,40,537655,,,
252,2020-11-16,107,,75,,9,6,3679,4151.0,7830.0,7285,40,541334,4151.0,545485.0,
253,2020-11-17,228,,74,,10,7,8884,2698.0,11582.0,7513,40,550218,6849.0,557067.0,
254,2020-11-18,198,1.0,77,,10,6,7049,3049.0,10098.0,7711,41,557267,9898.0,567165.0,
255,2020-11-19,268,,81,,10,6,6398,6007.0,12405.0,7979,41,563665,15905.0,579570.0,
256,2020-11-20,274,2.0,89,,9,5,5022,7055.0,12077.0,8253,43,568687,22960.0,591647.0,
257,2020-11-21,245,,91,,9,6,7235,6208.0,13443.0,8498,43,575922,29168.0,605090.0,
258,2020-11-22,187,1.0,97,,9,6,3223,6254.0,9477.0,8685,44,579145,35422.0,614567.0,
259,2020-11-23,262,,110,,12,10,5197,5665.0,10862.0,8947,44,584342,41087.0,625429.0,
260,2020-11-24,252,2.0,101,,11,9,5489,5535.0,11024.0,9199,46,589831,46622.0,636453.0,
261,2020-11-25,254,1.0,107,,15,13,6479,5555.0,12034.0,9453,47,596310,52177.0,648487.0,
262,2020-11-26,220,1.0,109,,17,14,5981,6164.0,12145.0,9673,48,602291,58341.0,660632.0,
263,2020-11-27,310,,108,,16,11,6679,6311.0,12990.0,9983,48,608970,64652.0,673622.0,
264,2020-11-28,248,,114,,16,12,6659,7865.0,14524.0,10231,48,615629,72517.0,688146.0,
265,2020-11-29,152,,119,,15,13,3227,4401.0,7628.0,10383,48,618856,76918.0,695774.0,
266,2020-11-30,182,1.0,127,,14,12,2543,5090.0,7633.0,10565,49,621399,82008.0,703407.0,
267,2020-12-01,318,,131,,14,12,2366,7729.0,10095.0,10883,49,623765,89737.0,713502.0,
268,2020-12-02,292,5.0,124,,14,12,3027,6060.0,9087.0,11175,54,626792,95797.0,722589.0,
269,2020-12-03,348,2.0,124,,14,12,3624,6398.0,10022.0,11523,56,630416,102195.0,732611.0,
270,2020-12-04,289,3.0,111,17,13,11,3848,5741.0,9589.0,11812,59,634264,107936.0,742200.0,
271,2020-12-05,369,3.0,119,16,12,11,4009,5737.0,9746.0,12181,62,638273,113673.0,751946.0,
272,2020-12-06,270,2.0,121,18,12,10,2090,5828.0,7918.0,12451,64,640363,119501.0,759864.0,
273,2020-12-07,416,2.0,126,20,13,9,4347,5105.0,9452.0,12867,66,644710,124606.0,769316.0,
274,2020-12-08,419,5.0,115,21,13,10,4208,6702.0,10910.0,13286,71,648918,131308.0,780226.0,
275,2020-12-09,363,2.0,116,23,15,12,3829,8424.0,12253.0,13649,73,652747,139732.0,792479.0,
276,2020-12-10,403,2.0,106,20,13,10,3736,10831.0,14567.0,14052,75,656483,150563.0,807046.0,
277,2020-12-11,424,3.0,110,17,12,10,3922,8894.0,12816.0,14476,78,660405,159457.0,819862.0,
278,2020-12-12,324,3.0,113,16,12,10,4607,7310.0,11917.0,14800,81,665012,166767.0,831779.0,
279,2020-12-13,301,2.0,120,15,11,10,2427,7418.0,9845.0,15101,83,667439,174185.0,841624.0,
280,2020-12-14,349,6.0,123,16,12,10,3117,6834.0,9951.0,15450,89,670556,181019.0,851575.0,
281,2020-12-15,339,2.0,122,22,13,12,4989,6744.0,11733.0,15789,91,675545,187763.0,863308.0,
282,2020-12-16,401,1.0,125,26,14,12,4510,7848.0,12358.0,16190,92,680055,195611.0,875666.0,
283,2020-12-17,457,0.0,115,25,14,12,3750,7768.0,11518.0,16647,92,683805,203379.0,887184.0,
284,2020-12-18,410,2.0,115,25,13,12,4132,7910.0,12042.0,17057,94,687937,211289.0,899226.0,
285,2020-12-19,419,2.0,115,22,13,11,4323,5981.0,10304.0,17476,96,692260,217270.0,909530.0,
286,2020-12-20,242,2.0,125,28,14,13,1831,5387.0,7218.0,17718,98,694091,222657.0,916748.0,
287,2020-12-21,286,1.0,127,31,15,15,3929,8843.0,12772.0,18004,99,698020,231500.0,929520.0,
288,2020-12-22,402,5.0,130,32,15,12,4088,8570.0,12658.0,18406,104,702108,240070.0,942178.0,
289,2020-12-23,477,3.0,146,34,16,15,4343,9845.0,14188.0,18883,107,706451,249915.0,956366.0,
290,2020-12-24,433,3.0,142,34,17,16,4024,4696.0,8720.0,19316,110,710475,254611.0,965086.0,
291,2020-12-25,50,2.0,148,42,20,19,1283,124.0,1407.0,19366,112,711758,254735.0,966493.0,
292,2020-12-26,25,2.0,149,45,23,20,536,3330.0,3866.0,19391,114,712294,258065.0,970359.0,
293,2020-12-27,266,1.0,154,57,25,24,1670,3955.0,5625.0,19657,115,713964,262020.0,975984.0,
294,2020-12-28,751,1.0,153,51,27,27,2601,10881.0,13482.0,20408,116,716565,272901.0,989466.0,
295,2020-12-29,907,4.0,154,42,25,20,4265,13805.0,18070.0,21315,120,720830,286706.0,1007536.0,
296,2020-12-30,704,2.0,159,41,25,22,3620,13831.0,17451.0,22019,122,724450,300537.0,1024987.0,
297,2020-12-31,632,6.0,160,46,27,22,3739,8904.0,12643.0,22651,128,728189,309441.0,1037630.0,
298,2021-01-01,167,2.0,168,48,28,20,559,2667.0,3226.0,22818,130,728748,312108.0,1040856.0,
299,2021-01-02,627,2.0,180,54,30,25,1600,10439.0,12039.0,23445,132,730348,322547.0,1052895.0,
300,2021-01-03,529,2.0,182,45,28,19,2839,9212.0,12051.0,23974,134,733187,331759.0,1064946.0,
301,2021-01-04,665,2.0,180,51,30,22,2642,10853.0,13495.0,24639,136,735829,342612.0,1078441.0,
302,2021-01-05,569,1.0,179,50,31,25,3420,10889.0,14309.0,25208,137,739249,353501.0,1092750.0,
303,2021-01-06,573,4.0,187,49,31,25,3057,7144.0,10201.0,25781,141,742306,360645.0,1102951.0,
304,2021-01-07,427,2.0,196,49,32,26,2527,9049.0,11576.0,26208,143,744833,369694.0,1114527.0,
305,2021-01-08,466,1.0,198,52,34,30,3451,9380.0,12831.0,26674,144,748284,379074.0,1127358.0,
306,2021-01-09,337,8.0,209,53,35,31,3554,7967.0,11521.0,27011,152,751838,387041.0,1138879.0,
307,2021-01-10,339,1.0,208,55,36,32,1607,7171.0,8778.0,27350,153,753445,394212.0,1147657.0,
308,2021-01-11,288,5.0,205,58,35,29,3892,8950.0,12842.0,27638,158,757337,403162.0,1160499.0,
309,2021-01-12,259,4.0,197,58,38,30,2790,10441.0,13231.0,27897,162,760127,413603.0,1173730.0,
310,2021-01-13,227,6.0,198,59,36,30,2468,10830.0,13298.0,28124,168,762595,424433.0,1187028.0,
311,2021-01-14,241,4.0,202,59,37,32,2141,8187.0,10328.0,28365,172,764736,432620.0,1197356.0,
312,2021-01-15,244,0.0,200,57,36,30,2330,8833.0,11163.0,28609,172,767066,441453.0,1208519.0,
313,2021-01-16,202,1.0,193,59,37,29,2403,5611.0,8014.0,28811,173,769469,447064.0,1216533.0,
314,2021-01-17,157,4.0,208,56,39,32,1259,5797.0,7056.0,28968,177,770728,452861.0,1223589.0,
315,2021-01-18,162,6.0,199,55,38,35,1663,7721.0,9384.0,29130,183,772391,460582.0,1232973.0,
316,2021-01-19,164,2.0,194,59,38,32,1867,6499.0,8366.0,29294,185,774258,467081.0,1241339.0,
317,2021-01-20,178,0.0,192,60,37,29,2050,7834.0,9884.0,29472,185,776308,474915.0,1251223.0,
318,2021-01-21,164,2.0,184,58,37,30,1739,9431.0,11170.0,29636,187,778047,484346.0,1262393.0,
319,2021-01-22,122,1.0,179,58,35,32,1718,7917.0,9635.0,29758,188,779765,492263.0,1272028.0,
320,2021-01-23,129,5.0,174,59,35,29,2037,6118.0,8155.0,29887,193,781802,498381.0,1280183.0,
321,2021-01-24,130,3.0,173,55,35,30,1422,6318.0,7740.0,30017,196,783224,504699.0,1287923.0,
322,2021-01-25,126,2.0,164,52,36,30,1406,11399.0,12805.0,30143,198,784630,516098.0,1300728.0,
323,2021-01-26,109,2.0,160,53,35,32,1725,9267.0,10992.0,30252,200,786355,525365.0,1311720.0,
324,2021-01-27,128,3.0,155,52,36,32,1756,10377.0,12133.0,30380,203,788111,535742.0,1323853.0,
325,2021-01-28,158,4.0,153,51,35,27,1665,11929.0,13594.0,30538,207,789776,547671.0,1337447.0,
326,2021-01-29,119,0.0,145,51,35,26,1406,17566.0,18972.0,30657,207,791182,565237.0,1356419.0,
327,2021-01-30,113,0.0,140,50,35,28,2241,20433.0,22674.0,30770,207,793423,585670.0,1379093.0,
328,2021-01-31,106,2.0,140,50,32,24,1067,27297.0,28364.0,30876,209,794490,612967.0,1407457.0,
329,2021-02-01,120,3.0,129,43,30,23,1854,25394.0,27248.0,30996,212,796344,638361.0,1434705.0,
330,2021-02-02,128,0.0,121,40,28,23,1609,25476.0,27085.0,31124,212,797953,663837.0,1461790.0,
331,2021-02-03,139,1.0,126,39,27,23,1716,26943.0,28659.0,31263,213,799669,690780.0,1490449.0,
332,2021-02-04,116,5.0,112,31,22,19,1592,26813.0,28405.0,31379,218,801261,717593.0,1518854.0,
333,2021-02-05,133,2.0,113,34,23,21,1872,28461.0,30333.0,31512,220,803133,746054.0,1549187.0,
334,2021-02-06,132,1.0,112,33,23,17,2090,34773.0,36863.0,31644,221,805223,780827.0,1586050.0,
335,2021-02-07,115,1.0,109,33,24,21,852,40122.0,40974.0,31759,222,806075,820949.0,1627024.0,
336,2021-02-08,105,2.0,103,34,24,19,2283,32456.0,34739.0,31864,224,808358,853405.0,1661763.0,
337,2021-02-09,95,0.0,94,35,23,23,1559,23868.0,25427.0,31959,224,809917,877273.0,1687190.0,
338,2021-02-10,113,3.0,95,36,21,17,1865,22915.0,24780.0,32072,227,811782,900188.0,1711970.0,
339,2021-02-11,103,3.0,94,35,24,20,1453,24518.0,25971.0,32175,230,813235,924706.0,1737941.0,
340,2021-02-12,113,1.0,86,29,22,19,1290,29915.0,31205.0,32288,231,814525,954621.0,1769146.0,
341,2021-02-13,102,1.0,84,29,22,17,2192,30118.0,32310.0,32390,232,816717,984739.0,1801456.0,
342,2021-02-14,123,1.0,87,28,21,13,933,34308.0,35241.0,32513,233,817650,1019047.0,1836697.0,
343,2021-02-15,113,1.0,86,25,20,10,2066,33098.0,35164.0,32626,234,819716,1052145.0,1871861.0,
344,2021-02-16,81,3.0,86,23,15,10,1618,24652.0,26270.0,32707,237,821334,1076797.0,1898131.0,
345,2021-02-17,121,2.0,81,21,15,13,1837,23577.0,25414.0,32828,239,823171,1100374.0,1923545.0,
346,2021-02-18,107,1.0,81,21,16,10,1720,23835.0,25555.0,32935,240,824891,1124209.0,1949100.0,
347,2021-02-19,111,1.0,76,22,17,12,1917,35408.0,37325.0,33046,241,826808,1159617.0,1986425.0,
348,2021-02-20,107,0.0,77,22,15,12,2279,29476.0,31755.0,33153,241,829087,1189093.0,2018180.0,
349,2021-02-21,107,0.0,81,24,17,14,916,34112.0,35028.0,33260,241,830003,1223205.0,2053208.0,
350,2021-02-22,131,1.0,76,26,18,12,2553,31637.0,34190.0,33391,242,832556,1254842.0,2087398.0,
351,2021-02-23,176,0.0,78,25,16,11,2085,25677.0,27762.0,33567,242,834641,1280519.0,2115160.0,
352,2021-02-24,143,1.0,81,25,16,11,1694,24909.0,26603.0,33710,243,836335,1305428.0,2141763.0,
353,2021-02-25,199,1.0,82,19,13,10,2304,26157.0,28461.0,33909,244,838639,1331585.0,2170224.0,
354,2021-02-26,272,1.0,80,17,13,11,2350,41608.0,43958.0,34181,245,840989,1373193.0,2214182.0,
355,2021-02-27,243,0.0,78,20,12,10,2587,38160.0,40747.0,34424,245,843576,1411353.0,2254929.0,
356,2021-02-28,283,0.0,88,24,14,13,1575,43656.0,45231.0,34707,245,845151,1455009.0,2300160.0,
357,2021-03-01,302,0.0,76,24,14,12,2583,35418.0,38001.0,35009,245,847734,1490427.0,2338161.0,
358,2021-03-02,288,1.0,79,22,12,9,2780,30153.0,32933.0,35297,246,850514,1520580.0,2371094.0,
359,2021-03-03,323,0.0,89,22,13,9,2929,30265.0,33194.0,35620,246,853443,1550845.0,2404288.0,
360,2021-03-04,384,1.0,101,22,13,12,2830,36977.0,39807.0,36004,247,856273,1587822.0,2444095.0,
361,2021-03-05,273,0.0,111,27,14,12,2326,55600.0,57926.0,36277,247,858599,1643422.0,2502021.0,
362,2021-03-06,298,0.0,126,25,14,11,3262,42107.0,45369.0,36575,247,861861,1685529.0,2547390.0,
363,2021-03-07,303,1.0,129,25,14,13,1353,45191.0,46544.0,36878,248,863214,1730720.0,2593934.0,
364,2021-03-08,352,0.0,145,25,15,15,2763,38128.0,40891.0,37230,248,865977,1768848.0,2634825.0,
365,2021-03-09,420,0.0,154,29,19,15,3312,31487.0,34799.0,37650,248,869289,1800335.0,2669624.0,
366,2021-03-10,415,2.0,165,30,18,15,2683,31396.0,34079.0,38065,250,871972,1831731.0,2703703.0,
367,2021-03-11,431,1.0,185,36,20,16,2940,40237.0,43177.0,38496,251,874912,1871968.0,2746880.0,
368,2021-03-12,383,2.0,195,36,23,21,2822,54515.0,57337.0,38879,253,877734,1926483.0,2804217.0,
369,2021-03-13,398,0.0,201,34,21,18,3232,40708.0,43940.0,39277,253,880966,1967191.0,2848157.0,
370,2021-03-14,374,2.0,205,37,24,19,2327,38942.0,41269.0,39651,255,883293,2006133.0,2889426.0,
371,2021-03-15,218,0.0,208,40,24,17,245,22899.0,23144.0,39869,255,883538,2029032.0,2912570.0,
372,2021-03-16,475,1.0,221,42,23,11,3840,44044.0,47884.0,40344,256,887378,2073076.0,2960454.0,
373,2021-03-17,382,0.0,218,44,25,15,3517,35168.0,38685.0,40726,256,890895,2108244.0,2999139.0,
374,2021-03-18,385,0.0,212,43,23,16,3243,42355.0,45598.0,41111,256,894138,2150599.0,3044737.0,
375,2021-03-19,364,0.0,204,45,21,15,3002,54789.0,57791.0,41475,256,897140,2205388.0,3102528.0,
376,2021-03-20,407,1.0,201,46,23,19,3742,50032.0,53774.0,41882,257,900882,2255420.0,3156302.0,
377,2021-03-21,336,1.0,212,45,22,19,1554,45752.0,47306.0,42218,258,902436,2301172.0,3203608.0,
378,2021-03-22,410,2.0,217,51,25,21,3346,39827.0,43173.0,42628,260,905782,2340999.0,3246781.0,
379,2021-03-23,365,1.0,222,50,28,23,3533,33169.0,36702.0,42993,261,909315,2374168.0,3283483.0,
380,2021-03-24,293,2.0,211,47,27,21,2644,34842.0,37486.0,43286,263,911959,2409010.0,3320969.0,
381,2021-03-25,324,0.0,196,51,29,22,2378,18922.0,21300.0,43610,263,914337,2427932.0,3342269.0,
382,2021-03-26,361,0.0,196,53,31,25,3837,44647.0,48484.0,43971,263,918174,2472579.0,3390753.0,
383,2021-03-27,334,2.0,193,51,30,23,3913,39498.0,43411.0,44305,265,922087,2512077.0,3434164.0,
384,2021-03-28,326,2.0,196,52,30,21,2132,52958.0,55090.0,44631,267,924219,2565035.0,3489254.0,
385,2021-03-29,360,4.0,185,49,27,19,4032,44400.0,48432.0,44991,271,928251,2609435.0,3537686.0,
386,2021-03-30,439,3.0,177,46,25,21,3666,38591.0,42257.0,45430,274,931917,2648026.0,3579943.0,
387,2021-03-31,434,0.0,176,43,26,22,3235,48066.0,51301.0,45864,274,935152,2696092.0,3631244.0,
388,2021-04-01,309,4.0,190,46,27,22,1436,42478.0,43914.0,46173,278,936588,2738570.0,3675158.0,
389,2021-04-02,705,1.0,193,45,26,22,5204,53940.0,59144.0,46878,279,941792,2792510.0,3734302.0,
390,2021-04-03,404,0.0,199,45,26,21,3596,46747.0,50343.0,47282,279,945388,2839257.0,3784645.0,
391,2021-04-04,431,0.0,210,48,28,24,2898,51944.0,54842.0,47713,279,948286,2891201.0,3839487.0,
392,2021-04-05,565,1.0,196,47,28,24,5414,49238.0,54652.0,48278,280,953700,2940439.0,3894139.0,
393,2021-04-06,559,2.0,205,46,28,21,4892,44191.0,49083.0,48837,282,958592,2984630.0,3943222.0,
394,2021-04-07,529,2.0,210,48,26,24,3661,43520.0,47181.0,49366,284,962253,3028150.0,3990403.0,
395,2021-04-08,622,3.0,207,52,31,31,3752,43795.0,47547.0,49988,287,966005,3071945.0,4037950.0,
396,2021-04-09,601,0.0,205,50,31,29,4495,58712.0,63207.0,50589,287,970500,3130657.0,4101157.0,
397,2021-04-10,446,4.0,204,52,32,30,4401,44913.0,49314.0,51035,291,974901,3175570.0,4150471.0,
398,2021-04-11,470,0.0,225,57,33,31,2546,52550.0,55096.0,51505,291,977447,3228120.0,4205567.0,
399,2021-04-12,528,1.0,225,56,33,28,5963,52134.0,58097.0,52033,292,983410,3280254.0,4263664.0,
400,2021-04-13,619,2.0,228,63,38,33,5538,45718.0,51256.0,52652,294,988948,3325972.0,4314920.0,
401,2021-04-14,602,4.0,232,63,37,32,4163,46124.0,50287.0,53254,298,993111,3372096.0,4365207.0,
402,2021-04-15,690,7.0,251,64,39,34,4700,46202.0,50902.0,53944,305,997811,3418298.0,4416109.0,
403,2021-04-16,677,1.0,270,63,37,31,4956,64112.0,69068.0,54621,306,1002767,3482410.0,4485177.0,
404,2021-04-17,786,4.0,270,65,37,31,6058,51080.0,57138.0,55407,310,1008825,3533490.0,4542315.0,
405,2021-04-18,852,3.0,271,67,36,32,5638,53404.0,59042.0,56259,313,1014463,3586894.0,4601357.0,
406,2021-04-19,822,3.0,284,68,35,30,5125,54641.0,59766.0,57081,316,1019588,3641535.0,4661123.0,
407,2021-04-20,941,1.0,277,68,37,30,6815,49953.0,56768.0,58022,317,1026403,3691488.0,4717891.0,
408,2021-04-21,843,1.0,291,71,39,33,4920,48104.0,53024.0,58865,318,1031323,3739592.0,4770915.0,
409,2021-04-22,927,1.0,296,74,38,33,6516,49050.0,55566.0,59792,319,1037839,3788642.0,4826481.0,
410,2021-04-23,889,1.0,297,70,36,32,6971,59663.0,66634.0,60681,320,1044810,3848305.0,4893115.0,
411,2021-04-24,895,1.0,292,70,36,33,7330,51129.0,58459.0,61576,321,1052140,3899434.0,4951574.0,
412,2021-04-25,773,0.0,301,74,38,32,3333,53529.0,56862.0,62349,321,1055473,3952963.0,5008436.0,
413,2021-04-26,611,3.0,300,78,39,36,8829,41772.0,50601.0,62960,324,1064302,3994735.0,5059037.0,
414,2021-04-27,760,2.0,292,73,38,31,8297,34580.0,42877.0,63720,326,1072599,4029315.0,5101914.0,
415,2021-04-28,845,3.0,285,75,39,36,6065,34746.0,40811.0,64565,329,1078664,4064061.0,5142725.0,
416,2021-04-29,668,3.0,279,75,39,36,6705,30620.0,37325.0,65233,332,1085369,4094681.0,5180050.0,
417,2021-04-30,676,5.0,275,70,36,32,6976,40645.0,47621.0,65909,337,1092345,4135326.0,5227671.0,
418,2021-05-01,463,1.0,274,71,37,29,7076,24601.0,31677.0,66372,338,1099421,4159927.0,5259348.0,
419,2021-05-02,58,2.0,292,72,37,29,6112,46.0,6158.0,66430,340,1105533,4159973.0,5265506.0,
420,2021-05-03,481,7.0,276,66,33,28,3865,28534.0,32399.0,66911,347,1109398,4188507.0,5297905.0,
421,2021-05-04,509,5.0,263,65,32,26,4537,57922.0,62459.0,67420,352,1113935,4246429.0,5360364.0,
422,2021-05-05,562,1.0,246,67,32,28,6001,51313.0,57314.0,67982,353,1119936,4297742.0,5417678.0,
423,2021-05-06,460,1.0,247,63,33,30,6432,35800.0,42232.0,68442,354,1126368,4333542.0,5459910.0,
424,2021-05-07,324,4.0,237,59,32,30,5920,50500.0,56420.0,68766,358,1132288,4384042.0,5516330.0,
425,2021-05-08,397,2.0,233,59,34,31,6067,65184.0,71251.0,69163,360,1138355,4449226.0,5587581.0,
426,2021-05-09,269,2.0,224,62,35,32,7110,102736.0,109846.0,69432,362,1145465,4551962.0,5697427.0,
427,2021-05-10,276,1.0,207,64,34,31,8373,75045.0,83418.0,69708,363,1153838,4627007.0,5780845.0,
428,2021-05-11,390,2.0,189,57,36,32,7113,58435.0,65548.0,70098,365,1160951,4685442.0,5846393.0,
429,2021-05-12,260,2.0,173,56,35,29,4550,50266.0,54816.0,70358,367,1165501,4735708.0,5901209.0,
430,2021-05-13,213,1.0,167,54,34,32,5079,69847.0,74926.0,70571,368,1170580,4805555.0,5976135.0,
431,2021-05-14,171,4.0,155,51,28,24,5195,87628.0,92823.0,70742,372,1175775,4893183.0,6068958.0,
432,2021-05-15,157,0.0,156,51,31,28,4966,78372.0,83338.0,70899,372,1180741,4971555.0,6152296.0,
433,2021-05-16,165,0.0,157,50,31,27,2047,61751.0,63798.0,71064,372,1182788,5033306.0,6216094.0,
434,2021-05-17,167,1.0,150,46,32,27,10564,51740.0,62304.0,71231,373,1193352,5085046.0,6278398.0,
435,2021-05-18,167,1.0,148,49,33,26,5194,40404.0,45598.0,71398,374,1198546,5125450.0,6323996.0,
436,2021-05-19,135,0.0,148,47,33,29,5015,39279.0,44294.0,71533,374,1203561,5164729.0,6368290.0,
437,2021-05-20,77,2.0,134,48,31,28,4651,44713.0,49364.0,71610,376,1208212,5209442.0,6417654.0,
438,2021-05-21,135,2.0,120,48,32,28,5700,73845.0,79545.0,71745,378,1213912,5283287.0,6497199.0,
439,2021-05-22,91,1.0,115,44,30,28,5051,56558.0,61609.0,71836,379,1218963,5339845.0,6558808.0,
440,2021-05-23,75,1.0,115,42,30,26,5146,55362.0,60508.0,71911,380,1224109,5395207.0,6619316.0,
441,2021-05-24,100,3.0,106,43,32,26,6742,46073.0,52815.0,72011,383,1230851,5441280.0,6672131.0,
442,2021-05-25,79,2.0,97,37,29,24,5035,38312.0,43347.0,72090,385,1235886,5479592.0,6715478.0,
443,2021-05-26,69,0.0,95,35,27,22,5554,36222.0,41776.0,72159,385,1241440,5515814.0,6757254.0,
444,2021-05-27,75,1.0,82,34,24,20,4403,40110.0,44513.0,72234,386,1245843,5555924.0,6801767.0,
445,2021-05-28,73,3.0,78,31,23,16,6209,55916.0,62125.0,72307,389,1252052,5611840.0,6863892.0,
446,2021-05-29,56,0.0,74,30,23,18,4764,51692.0,56456.0,72363,389,1256816,5663532.0,6920348.0,
447,2021-05-30,44,0.0,73,32,23,18,5210,41946.0,47156.0,72407,389,1262026,5705478.0,6967504.0,
448,2021-05-31,50,1.0,70,31,22,17,6373,40690.0,47063.0,72457,390,1268399,5746168.0,7014567.0,
449,2021-06-01,58,0.0,66,27,19,16,5963,37065.0,43028.0,72515,390,1274362,5783233.0,7057595.0,
450,2021-06-02,58,1.0,57,22,16,14,4813,34755.0,39568.0,72573,391,1279175,5817988.0,7097163.0,
451,2021-06-03,53,2.0,58,21,15,12,5325,37838.0,43163.0,72626,393,1284500,5855826.0,7140326.0,
452,2021-06-04,83,1.0,52,18,13,11,6389,47828.0,54217.0,72709,394,1290889,5903654.0,7194543.0,
453,2021-06-05,41,0.0,45,18,12,11,4906,44556.0,49462.0,72750,394,1295795,5948210.0,7244005.0,
454,2021-06-06,29,0.0,50,17,13,12,5363,40913.0,46276.0,72779,394,1301158,5989123.0,7290281.0,
455,2021-06-07,80,1.0,47,18,12,11,7271,39340.0,46611.0,72859,395,1308429,6028463.0,7336892.0,
456,2021-06-08,60,1.0,45,19,11,9,5029,33406.0,38435.0,72919,396,1313458,6061869.0,7375327.0,
457,2021-06-09,77,2.0,43,16,10,8,4956,34168.0,39124.0,72996,398,1318414,6096037.0,7414451.0,
458,2021-06-10,59,4.0,47,17,11,9,5210,32454.0,37664.0,73055,402,1323624,6128491.0,7452115.0,
459,2021-06-11,60,1.0,38,15,9,8,6314,47550.0,53864.0,73115,403,1329938,6176041.0,7505979.0,
460,2021-06-12,42,1.0,33,13,8,6,5044,38458.0,43502.0,73157,404,1334982,6214499.0,7549481.0,
461,2021-06-13,33,0.0,32,12,8,8,5572,37579.0,43151.0,73190,404,1340554,6252078.0,7592632.0,
462,2021-06-14,57,1.0,30,11,8,8,5948,33904.0,39852.0,73247,405,1346502,6285982.0,7632484.0,
463,2021-06-15,64,0.0,32,9,8,6,5788,29941.0,35729.0,73311,405,1352290,6315923.0,7668213.0,
464,2021-06-16,68,0.0,38,12,8,6,4728,26396.0,31124.0,73379,405,1357018,6342319.0,7699337.0,
465,2021-06-17,65,0.0,41,15,9,8,6903,27254.0,34157.0,73444,405,1363921,6369573.0,7733494.0,
466,2021-06-18,76,0.0,45,18,11,10,6844,35047.0,41891.0,73520,405,1370765,6404620.0,7775385.0,
467,2021-06-19,62,0.0,44,21,10,9,5337,35889.0,41226.0,73582,405,1376102,6440509.0,7816611.0,
468,2021-06-20,61,0.0,46,22,10,10,5832,24778.0,30610.0,73643,405,1381934,6465287.0,7847221.0,
469,2021-06-21,67,0.0,46,19,11,10,4944,16306.0,21250.0,73710,405,1386878,6481593.0,7868471.0,
470,2021-06-22,122,0.0,47,19,11,9,6289,31385.0,37674.0,73832,405,1393167,6512978.0,7906145.0,
471,2021-06-23,167,0.0,43,19,11,10,4876,28537.0,33413.0,73999,405,1398043,6541515.0,7939558.0,
472,2021-06-24,175,0.0,47,19,11,10,5874,28553.0,34427.0,74174,405,1403917,6570068.0,7973985.0,
473,2021-06-25,169,0.0,41,17,11,9,5222,37438.0,42660.0,74343,405,1409139,6607506.0,8016645.0,
474,2021-06-26,226,0.0,43,18,11,10,5777,36032.0,41809.0,74569,405,1414916,6643538.0,8058454.0,
475,2021-06-27,216,0.0,50,18,10,8,5276,33511.0,38787.0,74785,405,1420192,6677049.0,8097241.0,
476,2021-06-28,314,0.0,54,17,9,7,6221,31325.0,37546.0,75099,405,1426413,6708374.0,8134787.0,
477,2021-06-29,332,0.0,59,20,9,6,4918,44823.0,49741.0,75431,405,1431331,6753197.0,8184528.0,
478,2021-06-30,429,0.0,54,20,9,6,5219,31020.0,36239.0,75860,405,1436550,6784217.0,8220767.0,
479,2021-07-01,473,0.0,59,18,9,6,6812,30638.0,37450.0,76333,405,1443362,6814855.0,8258217.0,
480,2021-07-02,529,0.0,54,20,10,7,6531,38681.0,45212.0,76862,405,1449893,6853536.0,8303429.0,
481,2021-07-03,583,0.0,63,21,10,8,6038,42320.0,48358.0,77445,405,1455931,6895856.0,8351787.0,
482,2021-07-04,577,1.0,71,19,13,9,6498,39350.0,45848.0,78022,406,1462429,6935206.0,8397635.0,
483,2021-07-05,787,1.0,88,23,13,9,6613,37065.0,43678.0,78809,407,1469042,6972271.0,8441313.0,
484,2021-07-06,827,0.0,89,26,12,10,6131,35475.0,41606.0,79636,407,1475173,7007746.0,8482919.0,
485,2021-07-07,952,0.0,93,27,12,10,6144,37901.0,44045.0,80588,407,1481317,7045647.0,8526964.0,
486,2021-07-08,993,0.0,107,28,11,10,7924,41108.0,49032.0,81581,407,1489241,7086755.0,8575996.0,
487,2021-07-09,882,0.0,117,30,13,12,6873,55288.0,62161.0,82463,407,1496114,7142043.0,8638157.0,
488,2021-07-10,960,0.0,125,32,14,13,8097,61213.0,69310.0,83423,407,1504211,7203256.0,8707467.0,
489,2021-07-11,849,0.0,139,34,14,13,5614,58051.0,63665.0,84272,407,1509825,7261307.0,8771132.0,
490,2021-07-12,832,0.0,153,40,17,16,6365,53399.0,59764.0,85104,407,1516190,7314706.0,8830896.0,
491,2021-07-13,1081,3.0,159,41,19,18,7589,55309.0,62898.0,86185,410,1523779,7370015.0,8893794.0,
492,2021-07-14,1120,2.0,165,40,18,16,6136,56520.0,62656.0,87305,412,1529915,7426535.0,8956450.0,
493,2021-07-15,1152,0.0,181,48,19,18,9903,57302.0,67205.0,88457,412,1539818,7483837.0,9023655.0,
494,2021-07-16,953,1.0,190,44,19,19,8260,64751.0,73011.0,89410,413,1548078,7548588.0,9096666.0,
495,2021-07-17,928,0.0,203,54,20,20,7032,65842.0,72874.0,90338,413,1555110,7614430.0,9169540.0,
496,2021-07-18,858,1.0,218,55,21,20,6755,64054.0,70809.0,91196,414,1561865,7678484.0,9240349.0,
497,2021-07-19,1056,5.0,228,56,22,22,7483,61981.0,69464.0,92252,419,1569348,7740465.0,9309813.0,
498,2021-07-20,995,1.0,231,59,23,23,7704,59627.0,67331.0,93247,420,1577052,7800092.0,9377144.0,
499,2021-07-21,1014,3.0,243,63,26,26,7537,65561.0,73098.0,94261,423,1584589,7865653.0,9450242.0,
500,2021-07-22,1046,5.0,264,68,29,28,8298,80890.0,89188.0,95307,428,1592887,7946543.0,9539430.0,
501,2021-07-23,895,0.0,254,63,29,29,9001,67272.0,76273.0,96202,428,1601888,8013815.0,9615703.0,
502,2021-07-24,789,3.0,259,69,31,28,5812,68386.0,74198.0,96991,431,1607700,8082201.0,9689901.0,
503,2021-07-25,727,2.0,276,71,34,32,7011,66042.0,73053.0,97718,433,1614711,8148243.0,9762954.0,
504,2021-07-26,851,2.0,270,76,33,31,8272,63687.0,71959.0,98569,435,1622983,8211930.0,9834913.0,
505,2021-07-27,791,6.0,292,80,38,34,6693,58370.0,65063.0,99360,441,1629676,8270300.0,9899976.0,
506,2021-07-28,769,3.0,286,83,42,40,6616,64062.0,70678.0,100129,444,1636292,8334362.0,9970654.0,
507,2021-07-29,655,4.0,283,83,41,39,7425,60805.0,68230.0,100784,448,1643717,8395167.0,10038884.0,
508,2021-07-30,635,3.0,279,85,38,36,7603,66519.0,74122.0,101419,451,1651320,8461686.0,10113006.0,
509,2021-07-31,527,3.0,288,82,41,39,7227,87052.0,94279.0,101946,454,1658547,8548738.0,10207285.0,
510,2021-08-01,277,1.0,301,86,45,42,6218,17036.0,23254.0,102223,455,1664765,8565774.0,10230539.0,
511,2021-08-02,493,4.0,287,88,43,36,7786,25797.0,33583.0,102716,459,1672551,8591571.0,10264122.0,
512,2021-08-03,598,4.0,289,98,49,40,9204,52385.0,61589.0,103314,463,1681755,8643956.0,10325711.0,
513,2021-08-04,575,2.0,273,90,49,41,6814,54648.0,61462.0,103889,465,1688569,8698604.0,10387173.0,
514,2021-08-05,580,3.0,293,96,50,45,8661,27480.0,36141.0,104469,468,1697230,8726084.0,10423314.0,
515,2021-08-06,525,4.0,292,96,51,48,7385,51893.0,59278.0,104994,472,1704615,8777977.0,10482592.0,
516,2021-08-07,599,1.0,285,95,52,50,7194,54689.0,61883.0,105593,473,1711809,8832666.0,10544475.0,
517,2021-08-08,389,4.0,286,96,57,54,7069,28127.0,35196.0,105982,477,1718878,8860793.0,10579671.0,
518,2021-08-09,446,3.0,278,98,52,50,6961,35466.0,42427.0,106428,480,1725839,8896259.0,10622098.0,
519,2021-08-10,573,3.0,263,87,52,50,6364,56191.0,62555.0,107001,483,1732203,8952450.0,10684653.0,
520,2021-08-11,484,7.0,264,92,55,51,6726,47523.0,54249.0,107485,490,1738929,8999973.0,10738902.0,
521,2021-08-12,402,5.0,276,95,55,51,6806,46678.0,53484.0,107887,495,1745735,9046651.0,10792386.0,
522,2021-08-13,419,3.0,259,92,52,45,6344,47829.0,54173.0,108306,498,1752079,9094480.0,10846559.0,
523,2021-08-14,401,1.0,244,87,51,47,6857,47639.0,54496.0,108707,499,1758936,9142119.0,10901055.0,
524,2021-08-15,165,1.0,240,84,49,46,6164,7844.0,14008.0,108872,500,1765100,9149963.0,10915063.0,
525,2021-08-16,381,5.0,234,85,47,46,5980,38394.0,44374.0,109253,505,1771080,9188357.0,10959437.0,
526,2021-08-17,412,3.0,232,92,52,51,6388,55002.0,61390.0,109665,508,1777468,9243359.0,11020827.0,
527,2021-08-18,433,3.0,223,90,52,47,5927,38548.0,44475.0,110098,511,1783395,9281907.0,11065302.0,
528,2021-08-19,420,4.0,208,85,50,45,6646,41574.0,48220.0,110518,515,1790041,9323481.0,11113522.0,
529,2021-08-20,311,6.0,201,77,49,45,7075,40985.0,48060.0,110829,521,1797116,9364466.0,11161582.0,
530,2021-08-21,311,3.0,194,70,43,37,7368,44131.0,51499.0,111140,524,1804484,9408597.0,11213081.0,
531,2021-08-22,193,6.0,194,76,44,37,6384,25707.0,32091.0,111333,530,1810868,9434304.0,11245172.0,
532,2021-08-23,333,2.0,196,75,44,38,6258,45741.0,51999.0,111666,532,1817126,9480045.0,11297171.0,
533,2021-08-24,355,2.0,184,72,42,35,7640,44814.0,52454.0,112021,534,1824766,9524859.0,11349625.0,
534,2021-08-25,257,0.0,181,75,41,37,5536,34042.0,39578.0,112278,534,1830302,9558901.0,11389203.0,
535,2021-08-26,254,5.0,178,72,38,31,5367,40015.0,45382.0,112532,539,1835669,9598916.0,11434585.0,
536,2021-08-27,324,6.0,159,66,30,25,6061,28426.0,34487.0,112856,544,1841730,9627342.0,11469072.0,database update resulted to -1 death
537,2021-08-28,213,2.0,152,59,28,24,5919,41803.0,47722.0,113069,546,1847649,9669145.0,11516794.0,
538,2021-08-29,208,2.0,157,61,27,24,5191,24836.0,30027.0,113277,548,1852840,9693981.0,11546821.0,
539,2021-08-30,311,2.0,143,58,24,20,6575,47002.0,53577.0,113588,550,1859415,9740983.0,11600398.0,
540,2021-08-31,287,2.0,138,54,25,22,6424,43917.0,50341.0,113875,552,1865839,9784900.0,11650739.0,
541,2021-09-01,256,4.0,137,49,23,18,5570,39350.0,44920.0,114131,556,1871409,9824250.0,11695659.0,
542,2021-09-02,235,1.0,134,45,23,19,4910,47848.0,52758.0,114366,557,1876319,9872098.0,11748417.0,
543,2021-09-03,238,4.0,133,44,22,16,6350,53619.0,59969.0,116326,561,1882669,9925717.0,11808386.0,database update resulted to +1722 cases
544,2021-09-04,295,1.0,133,43,23,18,5956,49536.0,55492.0,116621,562,1888625,9975253.0,11863878.0,
545,2021-09-05,147,2.0,143,46,20,15,4994,24839.0,29833.0,116768,564,1893619,10000092.0,11893711.0,
546,2021-09-06,223,1.0,139,41,22,17,6237,67855.0,74092.0,116991,565,1899856,10067947.0,11967803.0,
547,2021-09-07,206,2.0,141,39,21,18,5627,40085.0,45712.0,117197,567,1905483,10108032.0,12013515.0,
548,2021-09-08,182,5.0,131,34,19,16,5454,43134.0,48588.0,117379,572,1910937,10151166.0,12062103.0,
549,2021-09-09,174,3.0,119,37,18,16,4796,52160.0,56956.0,117553,575,1915733,10203326.0,12119059.0,
550,2021-09-10,142,1.0,117,41,19,17,6367,50301.0,56668.0,117695,576,1922100,10253627.0,12175727.0,
551,2021-09-11,136,1.0,106,43,18,16,4584,66044.0,70628.0,117831,577,1926684,10319671.0,12246355.0,
552,2021-09-12,100,0.0,112,45,20,20,5370,38108.0,43478.0,117931,577,1932054,10357779.0,12289833.0,
553,2021-09-13,159,4.0,107,45,20,19,5111,71802.0,76913.0,118090,581,1937165,10429581.0,12366746.0,
554,2021-09-14,126,2.0,103,43,20,18,3792,24744.0,28536.0,118216,583,1940957,10454325.0,12395282.0,
555,2021-09-15,230,1.0,108,43,21,19,5913,69732.0,75645.0,118446,584,1946870,10524057.0,12470927.0,
556,2021-09-16,124,1.0,97,41,18,18,2521,48734.0,51255.0,118570,585,1949391,10572791.0,12522182.0,
557,2021-09-17,153,0.0,89,36,17,15,8770,55520.0,64290.0,118723,585,1958161,10628311.0,12586472.0,
558,2021-09-18,140,2.0,96,39,18,17,5242,48230.0,53472.0,118863,587,1963403,10676541.0,12639944.0,
559,2021-09-19,94,0.0,98,39,17,17,4734,35852.0,40586.0,118957,587,1968137,10712393.0,12680530.0,
560,2021-09-20,156,1.0,93,40,17,14,6094,58380.0,64474.0,119113,588,1974231,10770773.0,12745004.0,
561,2021-09-21,117,0.0,94,39,18,16,5904,48031.0,53935.0,119230,588,1980135,10818804.0,12798939.0,
562,2021-09-22,106,0.0,89,40,17,15,5539,45040.0,50579.0,119336,588,1985674,10863844.0,12849518.0,
563,2021-09-23,145,2.0,80,34,16,12,5561,51763.0,57324.0,119481,590,1991235,10915607.0,12906842.0,
564,2021-09-24,109,0.0,77,34,16,14,5643,54635.0,60278.0,119590,590,1996878,10970242.0,12967120.0,
565,2021-09-25,99,1.0,78,32,15,14,4816,47611.0,52427.0,119689,591,2001694,11017853.0,13019547.0,
566,2021-09-26,78,1.0,79,29,16,14,4900,35566.0,40466.0,119767,592,2006594,11053419.0,13060013.0,
567,2021-09-27,136,0.0,81,33,16,15,6351,59475.0,65826.0,119903,592,2012945,11112894.0,13125839.0,
568,2021-09-28,117,0.0,84,34,17,15,5342,46631.0,51973.0,120020,592,2018287,11159525.0,13177812.0,
569,2021-09-29,123,0.0,81,35,17,14,4773,41574.0,46347.0,120143,592,2023060,11201099.0,13224159.0,
570,2021-09-30,129,0.0,79,34,17,14,5339,56956.0,62295.0,120272,592,2028399,11258055.0,13286454.0,
571,2021-10-01,59,2.0,73,30,15,12,4534,22118.0,26652.0,120331,594,2032933,11280173.0,13313106.0,
572,2021-10-02,84,0.0,73,31,17,15,4529,50547.0,55076.0,120415,594,2037462,11330720.0,13368182.0,
573,2021-10-03,83,0.0,68,27,14,12,5565,37107.0,42672.0,120498,594,2043027,11367827.0,13410854.0,
574,2021-10-04,117,2.0,65,24,14,13,5799,58024.0,63823.0,120615,596,2048826,11425851.0,13474677.0,
575,2021-10-05,146,1.0,61,25,14,13,5209,48401.0,53610.0,120761,597,2054035,11474252.0,13528287.0,
576,2021-10-06,100,1.0,59,21,14,13,4436,42489.0,46925.0,120861,598,2058471,11516741.0,13575212.0,
577,2021-10-07,131,0.0,60,22,13,12,4916,51591.0,56507.0,120992,598,2063387,11568332.0,13631719.0,
578,2021-10-08,144,0.0,64,20,13,11,5207,50206.0,55413.0,121136,598,2068594,11618538.0,13687132.0,
579,2021-10-09,134,0.0,60,23,12,11,4606,41440.0,46046.0,121270,598,2073200,11659978.0,13733178.0,
580,2021-10-10,94,1.0,60,22,12,11,4809,33993.0,38802.0,121364,599,2078009,11693971.0,13771980.0,
581,2021-10-11,170,1.0,58,22,11,10,5843,58161.0,64004.0,121534,600,2083852,11752132.0,13835984.0,
582,2021-10-12,166,1.0,60,23,11,10,4533,48742.0,53275.0,121700,601,2088385,11800874.0,13889259.0,
583,2021-10-13,142,0.0,63,25,11,9,4548,41597.0,46145.0,121842,601,2092933,11842471.0,13935404.0,
584,2021-10-14,153,0.0,60,22,10,9,4559,49549.0,54108.0,121995,601,2097492,11892020.0,13989512.0,
585,2021-10-15,142,0.0,56,24,10,10,5070,48731.0,53801.0,122137,601,2102562,11940751.0,14043313.0,
586,2021-10-16,126,2.0,51,20,10,10,3976,40484.0,44460.0,122263,603,2106538,11981235.0,14087773.0,
587,2021-10-17,99,1.0,55,21,10,10,5095,33532.0,38627.0,122362,604,2111633,12014767.0,14126400.0,
588,2021-10-18,166,2.0,57,23,10,10,5934,61020.0,66954.0,122528,606,2117567,12075787.0,14193354.0,
589,2021-10-19,181,0.0,61,22,12,11,4726,48068.0,52794.0,122709,606,2122293,12123855.0,14246148.0,
590,2021-10-20,143,2.0,64,24,12,11,3771,42596.0,46367.0,122852,608,2126064,12166451.0,14292515.0,
591,2021-10-21,144,0.0,58,24,11,9,4387,51035.0,55422.0,122996,608,2130451,12217486.0,14347937.0,
592,2021-10-22,175,1.0,57,23,10,8,5385,49633.0,55018.0,123171,609,2135836,12267119.0,14402955.0,
593,2021-10-23,97,1.0,63,22,11,9,4314,41242.0,45556.0,123268,610,2140150,12308361.0,14448511.0,
594,2021-10-24,89,0.0,63,21,10,8,4710,33429.0,38139.0,123357,610,2144860,12341790.0,14486650.0,
595,2021-10-25,189,2.0,59,20,9,7,5537,55461.0,60998.0,123546,612,2150397,12397251.0,14547648.0,
596,2021-10-26,162,0.0,57,18,10,6,4228,47664.0,51892.0,123708,612,2154625,12444915.0,14599540.0,
597,2021-10-27,200,1.0,56,18,11,8,4340,50803.0,55143.0,123908,613,2158965,12495718.0,14654683.0,
598,2021-10-28,109,0.0,59,18,10,8,3242,20951.0,24193.0,124017,613,2162207,12516669.0,14678876.0,
599,2021-10-29,160,0.0,60,22,10,6,5028,52710.0,57738.0,124177,613,2167235,12569379.0,14736614.0,
600,2021-10-30,155,3.0,58,21,9,7,3682,42915.0,46597.0,124332,616,2170917,12612294.0,14783211.0,
601,2021-10-31,112,0.0,61,20,8,5,4360,34194.0,38554.0,124444,616,2175277,12646488.0,14821765.0,
602,2021-11-01,280,0.0,68,25,9,6,5598,60350.0,65948.0,124724,616,2180875,12706838.0,14887713.0,
603,2021-11-02,249,1.0,70,26,8,5,4718,47420.0,52138.0,124973,617,2185593,12754258.0,14939851.0,
604,2021-11-03,188,0.0,67,24,8,6,3840,45228.0,49068.0,125161,617,2189433,12799486.0,14988919.0,
605,2021-11-04,252,0.0,73,27,9,6,4062,51445.0,55507.0,125413,617,2193495,12850931.0,15044426.0,
606,2021-11-05,227,0.0,73,27,10,8,4827,51403.0,56230.0,125640,617,2198322,12902334.0,15100656.0,
607,2021-11-06,174,1.0,74,23,8,7,3891,42266.0,46157.0,125814,618,2202213,12944600.0,15146813.0,
608,2021-11-07,133,0.0,69,23,9,7,3286,36161.0,39447.0,125947,618,2205499,12980761.0,15186260.0,
609,2021-11-08,284,0.0,67,22,9,8,4474,62875.0,67349.0,126231,618,2209973,13043636.0,15253609.0,
610,2021-11-09,266,0.0,71,22,8,6,4631,52542.0,57173.0,126497,618,2214604,13096178.0,15310782.0,
611,2021-11-10,275,1.0,72,24,9,7,4342,46824.0,51166.0,126772,619,2218946,13143002.0,15361948.0,
612,2021-11-11,264,0.0,80,32,12,9,4154,54175.0,58329.0,127036,619,2223100,13197177.0,15420277.0,
613,2021-11-12,224,1.0,82,34,11,8,4491,53829.0,58320.0,127260,620,2227591,13251006.0,15478597.0,
614,2021-11-13,218,0.0,82,32,12,10,4342,44086.0,48428.0,127478,620,2231933,13295092.0,15527025.0,
615,2021-11-14,206,0.0,85,39,13,11,3598,36700.0,40298.0,127684,620,2235531,13331792.0,15567323.0,
616,2021-11-15,354,0.0,88,39,14,13,4219,62477.0,66696.0,128038,620,2239750,13394269.0,15634019.0,
617,2021-11-16,386,0.0,88,38,17,15,5103,54627.0,59730.0,128424,620,2244853,13448896.0,15693749.0,
618,2021-11-17,346,0.0,81,37,17,15,4757,49075.0,53832.0,128770,620,2249610,13497971.0,15747581.0,
619,2021-11-18,388,1.0,86,34,16,15,4099,57231.0,61330.0,129158,621,2253709,13555202.0,15808911.0,
620,2021-11-19,475,0.0,85,36,17,15,4747,56973.0,61720.0,129633,621,2258456,13612175.0,15870631.0,
621,2021-11-20,255,1.0,92,35,17,15,3458,47522.0,50980.0,129888,622,2261914,13659697.0,15921611.0,
622,2021-11-21,212,0.0,105,35,18,15,3443,40378.0,43821.0,130100,622,2265357,13700075.0,15965432.0,
623,2021-11-22,491,0.0,106,32,17,15,4564,78591.0,83155.0,130591,622,2269921,13778666.0,16048587.0,
624,2021-11-23,437,0.0,115,38,19,15,4715,62082.0,66797.0,131028,622,2274636,13840748.0,16115384.0,
625,2021-11-24,434,0.0,117,39,19,17,4508,56916.0,61424.0,131462,622,2279144,13897664.0,16176808.0,
626,2021-11-25,489,0.0,110,42,19,17,4308,69969.0,74277.0,131951,622,2283452,13967633.0,16251085.0,
627,2021-11-26,451,1.0,116,40,18,16,3635,71883.0,75518.0,132402,623,2287087,14039516.0,16326603.0,
628,2021-11-27,535,1.0,118,45,18,16,5867,59491.0,65358.0,132937,624,2292954,14099007.0,16391961.0,
629,2021-11-28,337,2.0,114,43,18,16,4403,50005.0,54408.0,133274,626,2297357,14149012.0,16446369.0,
630,2021-11-29,586,0.0,116,46,21,18,7404,95288.0,102692.0,133860,626,2304761,14244300.0,16549061.0,
631,2021-11-30,613,3.0,118,51,21,18,8361,76883.0,85244.0,134473,629,2313122,14321183.0,16634305.0,
632,2021-12-01,492,1.0,116,47,21,17,8260,76196.0,84456.0,134965,630,2321382,14397379.0,16718761.0,
633,2021-12-02,538,1.0,112,46,21,18,8029,80665.0,88694.0,135503,631,2329411,14478044.0,16807455.0,
634,2021-12-03,594,1.0,111,49,22,19,9017,79210.0,88227.0,136097,632,2338428,14557254.0,16895682.0,
635,2021-12-04,428,2.0,115,43,19,17,9499,68508.0,78007.0,136525,634,2347927,14625762.0,16973689.0,
636,2021-12-05,307,0.0,119,43,18,15,7383,49620.0,57003.0,136832,634,2355310,14675382.0,17030692.0,
637,2021-12-06,706,1.0,116,41,19,17,9099,91892.0,100991.0,137538,635,2364409,14767274.0,17131683.0,
638,2021-12-07,619,0.0,118,45,23,18,8496,71616.0,80112.0,138157,635,2372905,14838890.0,17211795.0,
639,2021-12-08,576,3.0,128,43,20,16,7562,74463.0,82025.0,138733,638,2380467,14913353.0,17293820.0,
640,2021-12-09,635,2.0,139,44,19,15,11498,76282.0,87780.0,139368,640,2391965,14989635.0,17381600.0,
641,2021-12-10,662,0.0,138,47,21,17,9817,84023.0,93840.0,140030,640,2401782,15073658.0,17475440.0,
642,2021-12-11,428,1.0,145,42,22,20,9499,68508.0,78007.0,140458,641,2411281,15142166.0,17553447.0,
643,2021-12-12,393,2.0,146,55,21,18,11410,53097.0,64507.0,140851,643,2422691,15195263.0,17617954.0,
644,2021-12-13,715,1.0,149,52,19,15,12594,93927.0,106521.0,141566,644,2435285,15289190.0,17724475.0,
645,2021-12-14,662,1.0,159,59,22,18,9665,71320.0,80985.0,142228,645,2444950,15360510.0,17805460.0,
646,2021-12-15,650,2.0,157,54,22,20,7996,77028.0,85024.0,142878,647,2452946,15437538.0,17890484.0,
647,2021-12-16,632,2.0,165,51,22,18,8762,78266.0,87028.0,143510,649,2461708,15515804.0,17977512.0,
648,2021-12-17,695,1.0,171,57,21,20,10709,71701.0,82410.0,144205,650,2472417,15587505.0,18059922.0,
649,2021-12-18,508,2.0,177,59,21,21,9501,66343.0,75844.0,144713,652,2481918,15653848.0,18135766.0,
650,2021-12-19,448,1.0,175,60,24,22,9415,50413.0,59828.0,145161,653,2491333,15704261.0,18195594.0,
651,2021-12-20,835,3.0,179,60,24,23,11586,94897.0,106483.0,145996,656,2502919,15799158.0,18302077.0,
652,2021-12-21,806,0.0,176,59,28,27,10815,76716.0,87531.0,146802,656,2513734,15875874.0,18389608.0,
653,2021-12-22,883,1.0,172,64,28,26,10295,93308.0,103603.0,147685,657,2524029,15969182.0,18493211.0,
654,2021-12-23,978,2.0,162,66,29,25,12269,80964.0,93233.0,148663,659,2536298,16050146.0,18586444.0,
655,2021-12-24,917,2.0,168,62,28,22,10963,112532.0,123495.0,149580,661,2547261,16162678.0,18709939.0,
656,2021-12-25,268,1.0,157,63,28,24,7073,9158.0,16231.0,149848,662,2554334,16171836.0,18726170.0,
657,2021-12-26,912,1.0,162,74,31,26,4535,49180.0,53715.0,150760,663,2558869,16221016.0,18779885.0,
658,2021-12-27,1925,2.0,161,78,31,27,12917,108210.0,121127.0,152685,665,2571786,16329226.0,18901012.0,
659,2021-12-28,2241,0.0,168,84,35,27,11803,86244.0,98047.0,154926,665,2583589,16415470.0,18999059.0,
660,2021-12-29,3002,5.0,174,84,33,24,13293,105601.0,118894.0,157928,670,2596882,16521071.0,19117953.0,
661,2021-12-30,3851,1.0,178,85,39,28,14415,100328.0,114743.0,161779,671,2611297,16621399.0,19232696.0,
662,2021-12-31,5048,2.0,180,79,34,28,14971,154505.0,169476.0,166827,673,2626268,16775904.0,19402172.0,
663,2022-01-01,2332,0.0,187,82,36,32,8525,30452.0,38977.0,169159,673,2634793,16806356.0,19441149.0,
664,2022-01-02,3538,1.0,203,84,38,33,7912,83570.0,91482.0,172697,674,2642705,16889926.0,19532631.0,
665,2022-01-03,5024,2.0,201,75,36,32,13840,150518.0,164358.0,177721,676,2656545,17040444.0,19696989.0,
666,2022-01-04,5457,5.0,209,76,36,32,18576,104225.0,122801.0,183178,681,2675121,17144669.0,19819790.0,
667,2022-01-05,5202,4.0,205,70,31,28,14588,115488.0,130076.0,188380,685,2689709,17260157.0,19949866.0,
668,2022-01-06,3777,0.0,235,73,31,29,12452,64803.0,77255.0,192157,685,2702161,17324960.0,20027121.0,
669,2022-01-07,5244,0.0,230,81,33,28,13007,126327.0,139334.0,197401,685,2715168,17451287.0,20166455.0,
670,2022-01-08,3959,3.0,244,83,33,26,14243,137995.0,152238.0,201360,688,2729411,17589282.0,20318693.0,
671,2022-01-09,3012,4.0,251,91,32,29,8701,131008.0,139709.0,204372,692,2738112,17720290.0,20458402.0,
672,2022-01-10,4187,4.0,245,86,33,27,13416,123675.0,137091.0,208559,696,2751528,17843965.0,20595493.0,
673,2022-01-11,3515,4.0,252,76,29,24,12074,93302.0,105376.0,212074,700,2763602,17937267.0,20700869.0,
674,2022-01-12,3197,4.0,266,93,32,28,9558,102675.0,112233.0,215271,704,2773160,18039942.0,20813102.0,
675,2022-01-13,3103,3.0,259,87,33,29,6671,115345.0,122016.0,218374,707,2779831,18155287.0,20935118.0,
676,2022-01-14,3042,0.0,257,91,32,28,8416,113801.0,122217.0,221416,707,2788247,18269088.0,21057335.0,
677,2022-01-15,2351,3.0,270,88,32,28,9371,86369.0,95740.0,223767,710,2797618,18355457.0,21153075.0,
678,2022-01-16,1971,6.0,270,92,37,31,5589,89416.0,95005.0,225738,716,2803207,18444873.0,21248080.0,
679,2022-01-17,2918,3.0,270,94,40,34,10024,131189.0,141213.0,228656,719,2813231,18576062.0,21389293.0,
680,2022-01-18,2200,5.0,257,89,42,38,8483,96482.0,104965.0,230856,724,2821714,18672544.0,21494258.0,
681,2022-01-19,2226,1.0,248,92,40,35,6732,88918.0,95650.0,233082,725,2828446,18761462.0,21589908.0,
682,2022-01-20,2282,11.0,244,81,37,34,6547,102123.0,108670.0,235364,736,2834993,18863585.0,21698578.0,
683,2022-01-21,2192,3.0,242,84,38,33,6557,99887.0,106444.0,232161,739,2841550,18963472.0,21805022.0,database update resulted in -5395 cases of covid-19
684,2022-01-22,1984,6.0,240,79,31,27,6229,75958.0,82187.0,234145,745,2847779,19039430.0,21887209.0,
685,2022-01-23,1813,4.0,329,76,31,27,4564,8323.0,12887.0,235958,749,2852343,19047753.0,21900096.0,
686,2022-01-24,2815,1.0,221,75,34,30,7788,122678.0,130466.0,238773,750,2860131,19170431.0,22030562.0,
687,2022-01-25,2546,3.0,223,71,32,27,6465,92843.0,99308.0,241319,753,2866596,19263274.0,22129870.0,
688,2022-01-26,2499,8.0,224,75,38,34,5190,87086.0,92276.0,243818,761,2871786,19350360.0,22222146.0,
689,2022-01-27,2536,1.0,226,76,38,36,6000,100890.0,106890.0,246354,762,2877786,19451250.0,22329036.0,
690,2022-01-28,2587,3.0,208,68,33,30,5748,104453.0,110201.0,248941,765,2883534,19555703.0,22439237.0,
691,2022-01-29,2184,4.0,203,68,32,27,5970,77796.0,83766.0,251125,769,2889504,19633499.0,22523003.0,
692,2022-01-30,2225,1.0,211,74,40,32,4542,80761.0,85303.0,253350,770,2894046,19714260.0,22608306.0,
693,2022-01-31,3396,3.0,204,65,35,31,7025,130655.0,137680.0,256746,773,2901071,19844915.0,22745986.0,
694,2022-02-01,3038,1.0,211,60,33,29,6146,107716.0,113862.0,257755,774,2907217,19952631.0,22859848.0,database update resulted in -2029 cases of covid-19
695,2022-02-02,3083,2.0,235,67,34,28,5435,95327.0,100762.0,260838,776,2912652,20047958.0,22960610.0,
696,2022-02-03,3078,1.0,222,69,35,30,5552,109918.0,115470.0,263916,777,2918204,20157876.0,23076080.0,
697,2022-02-04,2907,2.0,218,61,33,27,6015,111030.0,117045.0,266823,779,2924219,20268906.0,23193125.0,
698,2022-02-05,2568,1.0,225,65,33,29,5859,81166.0,87025.0,269391,780,2930078,20350072.0,23280150.0,
699,2022-02-06,2214,6.0,224,62,33,29,7187,78380.0,85567.0,271605,786,2937265,20428452.0,23365717.0,
700,2022-02-07,3374,4.0,233,63,32,29,7470,132415.0,139885.0,274979,790,2944735,20560867.0,23505602.0,
701,2022-02-08,2885,7.0,206,48,22,19,6245,105687.0,111932.0,277864,797,2950980,20666554.0,23617534.0,
702,2022-02-09,2779,5.0,199,49,21,18,5990,89582.0,95572.0,280643,802,2956970,20756136.0,23713106.0,
703,2022-02-10,2815,1.0,198,47,18,14,6586,106444.0,113030.0,283458,803,2963556,20862580.0,23826136.0,
704,2022-02-11,2485,4.0,184,43,11,8,5420,109905.0,115325.0,285943,807,2968976,20972485.0,23941461.0,
705,2022-02-12,2120,5.0,180,37,9,8,6893,76251.0,83144.0,288063,812,2975869,21048736.0,24024605.0,
706,2022-02-13,2047,0.0,182,41,11,11,6740,74910.0,81650.0,290110,812,2982609,21123646.0,24106255.0,
707,2022-02-14,2930,3.0,177,40,13,12,8617,125798.0,134415.0,292962,815,2991226,21249444.0,24240670.0,database update resulted in -78 cases of covid-19
708,2022-02-15,2646,3.0,181,43,13,13,7174,97534.0,104708.0,295608,818,2998400,21346978.0,24345378.0,
709,2022-02-16,2549,7.0,175,43,14,13,6657,91022.0,97679.0,298157,825,3005057,21438000.0,24443057.0,
710,2022-02-17,2200,4.0,168,43,12,12,7389,92113.0,99502.0,300357,829,3012446,21530113.0,24542559.0,
711,2022-02-18,2304,5.0,170,41,13,13,6938,103953.0,110891.0,302661,834,3019384,21634066.0,24653450.0,
712,2022-02-19,1764,4.0,160,37,13,11,6954,73500.0,80454.0,304425,838,3026338,21707566.0,24733904.0,
713,2022-02-20,1794,0.0,162,38,13,12,7091,79322.0,86413.0,306219,838,3033429,21786888.0,24820317.0,
714,2022-02-21,2698,2.0,164,40,13,13,9456,122721.0,132177.0,308917,840,3042885,21909609.0,24952494.0,
715,2022-02-22,2332,5.0,157,43,11,11,7585,97208.0,104793.0,311239,845,3050470,22006817.0,25057287.0,database update resulted in -10 cases of covid-19
716,2022-02-23,2167,3.0,161,36,13,13,6183,90697.0,96880.0,313406,848,3056653,22097514.0,25154167.0,
717,2022-02-24,1935,1.0,167,37,16,15,7085,103144.0,110229.0,315341,849,3063738,22200658.0,25264396.0,
718,2022-02-25,1826,7.0,155,34,15,13,6317,106936.0,113253.0,317167,856,3070055,22307594.0,25377649.0,
719,2022-02-26,1606,4.0,152,32,13,12,6263,92670.0,98933.0,318773,860,3076318,22400264.0,25476582.0,
720,2022-02-27,1387,2.0,148,36,14,13,8075,85132.0,93207.0,320160,862,3084393,22485396.0,25569789.0,
721,2022-02-28,2356,2.0,150,37,15,14,9513,118601.0,128114.0,321419,864,3093906,22603997.0,25697903.0,database update resulted in -1097 cases of covid-19
722,2022-03-01,1986,1.0,146,31,14,13,6740,95419.0,102159.0,323405,865,3100646,22699416.0,25800062.0,
723,2022-03-02,2109,2.0,145,28,13,11,3369,83156.0,86525.0,325514,867,3104015,22782572.0,25886587.0,
724,2022-03-03,2046,2.0,144,33,15,14,3352,95116.0,98468.0,327560,869,3107367,22877688.0,25985055.0,
725,2022-03-04,2114,4.0,137,30,13,12,3659,103991.0,107650.0,329674,873,3111026,22981679.0,26092705.0,
726,2022-03-05,1834,2.0,128,28,13,12,3410,87938.0,91348.0,331508,875,3114436,23069617.0,26184053.0,
727,2022-03-06,1730,2.0,129,30,14,14,2688,74648.0,77336.0,333238,877,3117124,23144265.0,26261389.0,
728,2022-03-07,1584,1.0,129,27,11,11,2756,43310.0,46066.0,334822,878,3119880,23187575.0,26307455.0,
729,2022-03-08,3695,5.0,120,23,10,9,4396,129478.0,133874.0,338517,883,3124276,23317053.0,26441329.0,
730,2022-03-09,2866,3.0,124,25,10,10,3807,74530.0,78337.0,341383,886,3128083,23391583.0,26519666.0,
731,2022-03-10,3473,3.0,113,22,8,8,3868,94837.0,98705.0,344856,889,3131951,23486420.0,26618371.0,
732,2022-03-11,3020,6.0,107,21,7,7,4121,88599.0,92720.0,347876,895,3136072,23575019.0,26711091.0,
733,2022-03-12,2812,4.0,110,17,5,5,3324,75193.0,78517.0,350688,899,3139396,23650212.0,26789608.0,
734,2022-03-13,2314,3.0,107,17,5,5,3012,65981.0,68993.0,353002,902,3142408,23716193.0,26858601.0,
735,2022-03-14,3782,0.0,101,14,8,8,3769,108157.0,111926.0,355493,902,3146177,23824350.0,26970527.0,database update resulted in -1291 cases of covid-19
736,2022-03-15,3294,2.0,108,17,6,6,3699,88596.0,92295.0,358787,904,3149876,23912946.0,27062822.0,
737,2022-03-16,3714,0.0,119,22,6,5,3630,80227.0,83857.0,362501,904,3153506,23993173.0,27146679.0,
738,2022-03-17,3951,1.0,113,22,8,8,3395,93004.0,96399.0,366452,905,3156901,24086177.0,27243078.0,
739,2022-03-18,3859,0.0,114,20,8,8,3968,95668.0,99636.0,370311,910,3160869,24181845.0,27342714.0,database update resulted to +5 death
740,2022-03-19,3347,1.0,126,21,7,7,3406,70758.0,74164.0,373658,911,3164275,24252603.0,27416878.0,
741,2022-03-20,3698,3.0,143,25,8,8,2906,72496.0,75402.0,377356,914,3167181,24325099.0,27492280.0,
742,2022-03-21,5286,1.0,149,31,7,7,4740,109326.0,114066.0,382642,915,3171921,24434425.0,27606346.0,
